event_id,team,stat_type,athlete_id,player,C/ATT,YDS,AVG,TD,INT,SACKS,QBR,RTG,CAR,LONG,REC,TGTS,TOT,SOLO,TFL,PD,QB HTS,NO,FG,PCT,XP,PTS,TB,In 20,FUM,LOST
401772635,Los Angeles Rams,passing,12483,Matthew Stafford,21/33,182,5.5,5,0,0-0,76.9,117.7,,,,,,,,,,,,,,,,,,
401772635,Los Angeles Rams,rushing,4430737,Kyren Williams,,54,4.5,0,,,,,12,10,,,,,,,,,,,,,,,,
401772635,Los Angeles Rams,rushing,4429096,Blake Corum,,37,3.1,0,,,,,12,6,,,,,,,,,,,,,,,,
401772635,Los Angeles Rams,rushing,12483,Matthew Stafford,,1,0.5,0,,,,,2,2,,,,,,,,,,,,,,,,
401772635,Los Angeles Rams,rushing,16760,Jimmy Garoppolo,,-3,-1.0,0,,,,,3,-1,,,,,,,,,,,,,,,,
401772635,Los Angeles Rams,receiving,4242557,Colby Parkinson,,47,15.7,0,,,,,,23,3,3,,,,,,,,,,,,,,
401772635,Los Angeles Rams,receiving,16800,Davante Adams,,35,7.0,3,,,,,,16,5,8,,,,,,,,,,,,,,
401772635,Los Angeles Rams,receiving,4570037,Terrance Ferguson,,31,31.0,1,,,,,,31,1,3,,,,,,,,,,,,,,
401772635,Los Angeles Rams,receiving,2573401,Tyler Higbee,,19,6.3,0,,,,,,9,3,6,,,,,,,,,,,,,,
401772635,Los Angeles Rams,receiving,4386544,Xavier Smith,,15,7.5,0,,,,,,9,2,3,,,,,,,,,,,,,,
401772635,Los Angeles Rams,receiving,4430737,Kyren Williams,,11,5.5,0,,,,,,9,2,3,,,,,,,,,,,,,,
401772635,Los Angeles Rams,receiving,4569382,Jordan Whittington,,9,4.5,0,,,,,,9,2,4,,,,,,,,,,,,,,
401772635,Los Angeles Rams,receiving,4429096,Blake Corum,,6,6.0,0,,,,,,6,1,1,,,,,,,,,,,,,,
401772635,Los Angeles Rams,receiving,4710855,Konata Mumpfield,,5,5.0,1,,,,,,5,1,1,,,,,,,,,,,,,,
401772635,Los Angeles Rams,receiving,4426553,Davis Allen,,4,4.0,0,,,,,,4,1,1,,,,,,,,,,,,,,
401772635,Los Angeles Rams,defensive,4242154,Kam Curl,,,,0,,0,,,,,,,10,8,0,1,0,,,,,,,,,
401772635,Los Angeles Rams,defensive,4243181,Nate Landman,,,,0,,1.5,,,,,,,9,3,1,0,1,,,,,,,,,
401772635,Los Angeles Rams,defensive,4249128,Quentin Lake,,,,0,,1,,,,,,,6,4,1,2,1,,,,,,,,,
401772635,Los Angeles Rams,defensive,4596363,Kamren Kinchens,,,,0,,0,,,,,,,5,4,0,0,0,,,,,,,,,
401772635,Los Angeles Rams,defensive,4429767,Emmanuel Forbes Jr.,,,,0,,0,,,,,,,4,4,0,0,0,,,,,,,,,
401772635,Los Angeles Rams,defensive,4427120,Jaylen McCollough,,,,0,,0,,,,,,,4,3,0,1,0,,,,,,,,,
401772635,Los Angeles Rams,defensive,3116177,Troy Reeder,,,,0,,0,,,,,,,3,3,0,0,0,,,,,,,,,
401772635,Los Angeles Rams,defensive,4250621,Kobie Turner,,,,0,,0,,,,,,,3,1,0,1,1,,,,,,,,,
401772635,Los Angeles Rams,defensive,4682983,Josaiah Stewart,,,,0,,1,,,,,,,2,2,1,0,2,,,,,,,,,
401772635,Los Angeles Rams,defensive,4384549,Cobie Durant,,,,0,,0,,,,,,,2,2,0,0,0,,,,,,,,,
401772635,Los Angeles Rams,defensive,4572371,Josh Wallace,,,,0,,0,,,,,,,2,2,0,0,0,,,,,,,,,
401772635,Los Angeles Rams,defensive,4578085,Jared Verse,,,,0,,1,,,,,,,2,1,1,0,2,,,,,,,,,
401772635,Los Angeles Rams,defensive,4875196,Byron Young,,,,0,,1.5,,,,,,,2,1,0,0,2,,,,,,,,,
401772635,Los Angeles Rams,defensive,4239833,Darious Williams,,,,0,,0,,,,,,,2,1,0,4,0,,,,,,,,,
401772635,Los Angeles Rams,defensive,4428550,Omar Speights,,,,0,,0,,,,,,,2,1,0,0,0,,,,,,,,,
401772635,Los Angeles Rams,defensive,4240123,Larrell Murchison,,,,0,,1,,,,,,,1,1,1,0,1,,,,,,,,,
401772635,Los Angeles Rams,defensive,4362245,Braden Fiske,,,,0,,0,,,,,,,1,1,0,1,0,,,,,,,,,
401772635,Los Angeles Rams,defensive,4431118,Ty Hamilton,,,,0,,0,,,,,,,0,0,0,0,1,,,,,,,,,
401772635,Los Angeles Rams,kickReturns,4386544,Xavier Smith,,32,32.0,0,,,,,,32,,,,,,,,1,,,,,,,,
401772635,Los Angeles Rams,puntReturns,4386544,Xavier Smith,,17,5.7,0,,,,,,13,,,,,,,,3,,,,,,,,
401772635,Los Angeles Rams,kicking,4566192,Joshua Karty,,,,,,,,,,0,,,,,,,,,0/0,0.0,5/5,5,,,,
401772635,Los Angeles Rams,punting,5125875,Ethan Evans,,242,48.4,,,,,,,57,,,,,,,,5,,,,,0,2,,
401772635,Jacksonville Jaguars,passing,4360310,Trevor Lawrence,23/48,296,6.2,1,0,7-32,13.2,74.7,,,,,,,,,,,,,,,,,,
401772635,Jacksonville Jaguars,rushing,4239996,Travis Etienne Jr.,,44,5.5,0,,,,,8,13,,,,,,,,,,,,,,,,
401772635,Jacksonville Jaguars,rushing,4882093,Bhayshul Tuten,,22,4.4,0,,,,,5,8,,,,,,,,,,,,,,,,
401772635,Jacksonville Jaguars,rushing,4360310,Trevor Lawrence,,18,9.0,0,,,,,2,14,,,,,,,,,,,,,,,,
401772635,Jacksonville Jaguars,rushing,4432620,Parker Washington,,10,3.3,0,,,,,3,5,,,,,,,,,,,,,,,,
401772635,Jacksonville Jaguars,rushing,4685415,Travis Hunter,,0,0.0,0,,,,,1,0,,,,,,,,,,,,,,,,
401772635,Jacksonville Jaguars,receiving,4685415,Travis Hunter,,101,12.6,1,,,,,,34,8,14,,,,,,,,,,,,,,
401772635,Jacksonville Jaguars,receiving,4432620,Parker Washington,,52,13.0,0,,,,,,25,4,10,,,,,,,,,,,,,,
401772635,Jacksonville Jaguars,receiving,4361577,Dyami Brown,,50,25.0,0,,,,,,39,2,4,,,,,,,,,,,,,,
401772635,Jacksonville Jaguars,receiving,4432773,Brian Thomas Jr.,,31,10.3,0,,,,,,24,3,7,,,,,,,,,,,,,,
401772635,Jacksonville Jaguars,receiving,3134353,Tim Patrick,,22,22.0,0,,,,,,22,1,1,,,,,,,,,,,,,,
401772635,Jacksonville Jaguars,receiving,4239944,Hunter Long,,16,8.0,0,,,,,,9,2,3,,,,,,,,,,,,,,
401772635,Jacksonville Jaguars,receiving,4239996,Travis Etienne Jr.,,11,11.0,0,,,,,,11,1,3,,,,,,,,,,,,,,
401772635,Jacksonville Jaguars,receiving,3052096,Johnny Mundt,,9,9.0,0,,,,,,9,1,4,,,,,,,,,,,,,,
401772635,Jacksonville Jaguars,receiving,4911851,LeQuint Allen Jr.,,4,4.0,0,,,,,,4,1,1,,,,,,,,,,,,,,
401772635,Jacksonville Jaguars,fumbles,4239944,Hunter Long,,,,,,,,,,,0,,,,,,,,,,,,,,1,0
401772635,Jacksonville Jaguars,defensive,4240610,Ventrell Miller,,,,0,,0,,,,,,,7,4,0,0,0,,,,,,,,,
401772635,Jacksonville Jaguars,defensive,3045207,Jourdan Lewis,,,,0,,0,,,,,,,6,4,0,1,0,,,,,,,,,
401772635,Jacksonville Jaguars,defensive,2970716,Eric Murray,,,,0,,0,,,,,,,5,3,0,0,0,,,,,,,,,
401772635,Jacksonville Jaguars,defensive,3918331,Andrew Wingard,,,,0,,0,,,,,,,5,3,0,1,0,,,,,,,,,
401772635,Jacksonville Jaguars,defensive,3915520,DaVon Hamilton,,,,0,,0,,,,,,,4,4,1,0,0,,,,,,,,,
401772635,Jacksonville Jaguars,defensive,4242149,Montaric Brown,,,,0,,0,,,,,,,4,4,0,0,0,,,,,,,,,
401772635,Jacksonville Jaguars,defensive,2971275,Arik Armstead,,,,0,,0,,,,,,,4,2,0,0,1,,,,,,,,,
401772635,Jacksonville Jaguars,defensive,4431567,Maason Smith,,,,0,,0,,,,,,,3,2,0,0,0,,,,,,,,,
401772635,Jacksonville Jaguars,defensive,4361266,Greg Newsome II,,,,0,,0,,,,,,,2,2,0,0,0,,,,,,,,,
401772635,Jacksonville Jaguars,defensive,2977740,Emmanuel Ogbah,,,,0,,0,,,,,,,2,1,0,0,0,,,,,,,,,
401772635,Jacksonville Jaguars,defensive,2979591,Austin Johnson,,,,0,,0,,,,,,,2,1,0,0,0,,,,,,,,,
401772635,Jacksonville Jaguars,defensive,3050073,Foyesade Oluokun,,,,0,,0,,,,,,,2,1,0,1,0,,,,,,,,,
401772635,Jacksonville Jaguars,defensive,4429168,Antonio Johnson,,,,0,,0,,,,,,,2,0,0,0,0,,,,,,,,,
401772635,Jacksonville Jaguars,defensive,3042476,Dawuane Smoot,,,,0,,0,,,,,,,1,1,0,0,0,,,,,,,,,
401772635,Jacksonville Jaguars,defensive,3915239,Josh Hines-Allen,,,,0,,0,,,,,,,1,1,0,0,3,,,,,,,,,
401772635,Jacksonville Jaguars,defensive,4334300,Dennis Gardeck,,,,0,,0,,,,,,,1,1,0,0,0,,,,,,,,,
401772635,Jacksonville Jaguars,defensive,4360807,Yasir Abdullah,,,,0,,0,,,,,,,1,1,0,0,0,,,,,,,,,
401772635,Jacksonville Jaguars,defensive,4426448,Jarrian Jones,,,,0,,0,,,,,,,1,1,0,0,0,,,,,,,,,
401772635,Jacksonville Jaguars,defensive,4875266,BJ Green II,,,,0,,0,,,,,,,1,1,0,0,0,,,,,,,,,
401772635,Jacksonville Jaguars,defensive,4426349,Travon Walker,,,,0,,0,,,,,,,1,0,0,0,0,,,,,,,,,
401772635,Jacksonville Jaguars,defensive,4685415,Travis Hunter,,,,0,,0,,,,,,,0,0,0,1,0,,,,,,,,,
401772635,Jacksonville Jaguars,kickReturns,4361577,Dyami Brown,,60,30.0,0,,,,,,31,,,,,,,,2,,,,,,,,
401772635,Jacksonville Jaguars,puntReturns,4432620,Parker Washington,,19,9.5,0,,,,,,17,,,,,,,,2,,,,,,,,
401772635,Jacksonville Jaguars,kicking,4686361,Cam Little,,,,,,,,,,0,,,,,,,,,0/1,0.0,1/1,1,,,,
401772635,Jacksonville Jaguars,punting,3115480,Logan Cooke,,207,41.4,,,,,,,62,,,,,,,,5,,,,,0,2,,
401772861,New Orleans Saints,passing,4426339,Spencer Rattler,20/32,233,7.3,2,3,4-24,26.5,66.3,,,,,,,,,,,,,,,,,,
401772861,New Orleans Saints,rushing,3054850,Alvin Kamara,,28,2.5,0,,,,,11,6,,,,,,,,,,,,,,,,
401772861,New Orleans Saints,rushing,4426339,Spencer Rattler,,12,6.0,0,,,,,2,7,,,,,,,,,,,,,,,,
401772861,New Orleans Saints,rushing,4599739,Kendre Miller,,7,7.0,0,,,,,1,7,,,,,,,,,,,,,,,,
401772861,New Orleans Saints,rushing,4682652,Devin Neal,,1,1.0,0,,,,,1,1,,,,,,,,,,,,,,,,
401772861,New Orleans Saints,rushing,2468609,Taysom Hill,,-4,-2.0,0,,,,,2,5,,,,,,,,,,,,,,,,
401772861,New Orleans Saints,receiving,4361370,Chris Olave,,98,19.6,2,,,,,,57,5,7,,,,,,,,,,,,,,
401772861,New Orleans Saints,receiving,3929645,Juwan Johnson,,79,15.8,0,,,,,,29,5,7,,,,,,,,,,,,,,
401772861,New Orleans Saints,receiving,4032473,Rashid Shaheed,,40,10.0,0,,,,,,13,4,9,,,,,,,,,,,,,,
401772861,New Orleans Saints,receiving,2468609,Taysom Hill,,12,6.0,0,,,,,,7,2,2,,,,,,,,,,,,,,
401772861,New Orleans Saints,receiving,16731,Brandin Cooks,,3,3.0,0,,,,,,3,1,1,,,,,,,,,,,,,,
401772861,New Orleans Saints,receiving,3054850,Alvin Kamara,,1,0.3,0,,,,,,2,3,3,,,,,,,,,,,,,,
401772861,New Orleans Saints,receiving,4034862,Jack Stoll,,0,0.0,0,,,,,,0,0,1,,,,,,,,,,,,,,
401772861,New Orleans Saints,receiving,4573697,Mason Tipton,,0,0.0,0,,,,,,0,0,1,,,,,,,,,,,,,,
401772861,New Orleans Saints,fumbles,4426339,Spencer Rattler,,,,,,,,,,,0,,,,,,,,,,,,,,1,1
401772861,New Orleans Saints,defensive,14958,Demario Davis,,,,0,,0,,,,,,,10,6,0,0,1,,,,,,,,,
401772861,New Orleans Saints,defensive,4369835,Alontae Taylor,,,,0,,0,,,,,,,7,4,1,0,0,,,,,,,,,
401772861,New Orleans Saints,defensive,3931399,Justin Reid,,,,0,,0,,,,,,,6,4,0,1,0,,,,,,,,,
401772861,New Orleans Saints,defensive,4683215,Danny Stutsman,,,,0,,0,,,,,,,6,1,0,0,0,,,,,,,,,
401772861,New Orleans Saints,defensive,4433975,Kool-Aid McKinstry,,,,0,,0,,,,,,,5,5,1,1,0,,,,,,,,,
401772861,New Orleans Saints,defensive,4683813,Jonas Sanker,,,,0,,0,,,,,,,5,3,0,0,0,,,,,,,,,
401772861,New Orleans Saints,defensive,4428988,Bryan Bresee,,,,0,,0.5,,,,,,,4,1,0,0,1,,,,,,,,,
401772861,New Orleans Saints,defensive,4428350,Quincy Riley,,,,0,,0,,,,,,,3,3,0,1,0,,,,,,,,,
401772861,New Orleans Saints,defensive,3918310,Carl Granderson,,,,0,,0,,,,,,,3,2,0,0,0,,,,,,,,,
401772861,New Orleans Saints,defensive,4241986,Chase Young,,,,0,,0.5,,,,,,,3,2,0,2,3,,,,,,,,,
401772861,New Orleans Saints,defensive,4566088,Jaylan Ford,,,,0,,0,,,,,,,3,2,0,0,0,,,,,,,,,
401772861,New Orleans Saints,defensive,13971,Cameron Jordan,,,,0,,0,,,,,,,3,0,0,0,0,,,,,,,,,
401772861,New Orleans Saints,defensive,4240475,Chris Rumph II,,,,0,,0,,,,,,,2,2,0,0,0,,,,,,,,,
401772861,New Orleans Saints,defensive,4076951,Nathan Shepherd,,,,0,,0,,,,,,,2,1,0,0,0,,,,,,,,,
401772861,New Orleans Saints,defensive,3115383,Davon Godchaux,,,,0,,0,,,,,,,2,0,0,0,0,,,,,,,,,
401772861,New Orleans Saints,defensive,4241993,Pete Werner,,,,0,,0,,,,,,,2,0,0,0,0,,,,,,,,,
401772861,New Orleans Saints,defensive,4384595,Khristian Boyd,,,,0,,0,,,,,,,2,0,0,0,0,,,,,,,,,
401772861,New Orleans Saints,defensive,2575788,Zach Wood,,,,0,,0,,,,,,,1,1,0,0,0,,,,,,,,,
401772861,New Orleans Saints,defensive,2980097,Jonathan Bullard,,,,0,,0,,,,,,,1,1,0,0,0,,,,,,,,,
401772861,New Orleans Saints,defensive,3054850,Alvin Kamara,,,,0,,0,,,,,,,1,1,0,0,0,,,,,,,,,
401772861,New Orleans Saints,defensive,4426339,Spencer Rattler,,,,0,,0,,,,,,,1,1,0,0,0,,,,,,,,,
401772861,New Orleans Saints,defensive,4035663,Terrell Burgess,,,,0,,0,,,,,,,1,0,0,0,0,,,,,,,,,
401772861,New Orleans Saints,defensive,4360949,Jordan Howden,,,,0,,0,,,,,,,1,0,0,0,0,,,,,,,,,
401772861,New Orleans Saints,interceptions,4428350,Quincy Riley,,0,,0,1,,,,,,,,,,,,,,,,,,,,,
401772861,New Orleans Saints,kickReturns,4573697,Mason Tipton,,47,23.5,0,,,,,,25,,,,,,,,2,,,,,,,,
401772861,New Orleans Saints,kickReturns,4682652,Devin Neal,,46,23.0,0,,,,,,31,,,,,,,,2,,,,,,,,
401772861,New Orleans Saints,kickReturns,4599739,Kendre Miller,,23,23.0,0,,,,,,23,,,,,,,,1,,,,,,,,
401772861,New Orleans Saints,kicking,4259619,Blake Grupe,,,,,,,,,,0,,,,,,,,,0/1,0.0,2/2,2,,,,
401772861,New Orleans Saints,punting,4570033,Kai Kroeger,,127,42.3,,,,,,,49,,,,,,,,3,,,,,0,0,,
401772861,Chicago Bears,passing,4431611,Caleb Williams,15/26,172,6.6,0,1,1-8,20.2,61.7,,,,,,,,,,,,,,,,,,
401772861,Chicago Bears,rushing,4259545,D'Andre Swift,,124,6.5,1,,,,,19,23,,,,,,,,,,,,,,,,
401772861,Chicago Bears,rushing,4608686,Kyle Monangai,,81,6.2,1,,,,,13,24,,,,,,,,,,,,,,,,
401772861,Chicago Bears,rushing,4426386,Roschon Johnson,,11,11.0,0,,,,,1,11,,,,,,,,,,,,,,,,
401772861,Chicago Bears,rushing,3915416,DJ Moore,,9,9.0,0,,,,,1,9,,,,,,,,,,,,,,,,
401772861,Chicago Bears,rushing,3917914,Olamide Zaccheaus,,0,0.0,0,,,,,1,0,,,,,,,,,,,,,,,,
401772861,Chicago Bears,rushing,4685278,Luther Burden III,,-1,-1.0,0,,,,,1,-1,,,,,,,,,,,,,,,,
401772861,Chicago Bears,rushing,4431611,Caleb Williams,,-2,-0.5,0,,,,,4,0,,,,,,,,,,,,,,,,
401772861,Chicago Bears,receiving,3915416,DJ Moore,,43,14.3,0,,,,,,26,3,5,,,,,,,,,,,,,,
401772861,Chicago Bears,receiving,4431299,Rome Odunze,,31,15.5,0,,,,,,20,2,6,,,,,,,,,,,,,,
401772861,Chicago Bears,receiving,4723086,Colston Loveland,,24,8.0,0,,,,,,9,3,4,,,,,,,,,,,,,,
401772861,Chicago Bears,receiving,4685278,Luther Burden III,,22,22.0,0,,,,,,22,1,2,,,,,,,,,,,,,,
401772861,Chicago Bears,receiving,4258595,Cole Kmet,,16,16.0,0,,,,,,16,1,1,,,,,,,,,,,,,,
401772861,Chicago Bears,receiving,4259545,D'Andre Swift,,14,14.0,0,,,,,,14,1,1,,,,,,,,,,,,,,
401772861,Chicago Bears,receiving,4608686,Kyle Monangai,,13,6.5,0,,,,,,7,2,3,,,,,,,,,,,,,,
401772861,Chicago Bears,receiving,3917914,Olamide Zaccheaus,,9,4.5,0,,,,,,6,2,3,,,,,,,,,,,,,,
401772861,Chicago Bears,fumbles,4431611,Caleb Williams,,,,,,,,,,,1,,,,,,,,,,,,,,2,0
401772861,Chicago Bears,fumbles,4242553,Drew Dalman,,,,,,,,,,,1,,,,,,,,,,,,,,0,0
401772861,Chicago Bears,fumbles,4429014,Gervon Dexter Sr.,,,,,,,,,,,1,,,,,,,,,,,,,,0,0
401772861,Chicago Bears,defensive,3929950,Tremaine Edmunds,,,,0,,1,,,,,,,9,6,1,1,1,,,,,,,,,
401772861,Chicago Bears,defensive,3121544,T.J. Edwards,,,,0,,0,,,,,,,7,6,1,2,0,,,,,,,,,
401772861,Chicago Bears,defensive,4570044,Jaquan Brisker,,,,0,,1,,,,,,,6,4,1,0,2,,,,,,,,,
401772861,Chicago Bears,defensive,3134690,Montez Sweat,,,,0,,1,,,,,,,4,4,2,0,2,,,,,,,,,
401772861,Chicago Bears,defensive,4361093,Kyler Gordon,,,,0,,1,,,,,,,4,4,1,0,1,,,,,,,,,
401772861,Chicago Bears,defensive,4426374,Tyrique Stevenson,,,,0,,0,,,,,,,3,2,0,1,0,,,,,,,,,
401772861,Chicago Bears,defensive,4570470,Nahshon Wright,,,,0,,0,,,,,,,2,2,0,2,0,,,,,,,,,
401772861,Chicago Bears,defensive,2574056,Kevin Byard III,,,,0,,0,,,,,,,2,1,0,2,0,,,,,,,,,
401772861,Chicago Bears,defensive,3051775,Andrew Billings,,,,0,,0,,,,,,,2,1,0,0,0,,,,,,,,,
401772861,Chicago Bears,defensive,4569428,Carl Jones Jr.,,,,0,,0,,,,,,,2,1,0,0,0,,,,,,,,,
401772861,Chicago Bears,defensive,4240459,Josh Blackwell,,,,0,,0,,,,,,,2,0,0,0,0,,,,,,,,,
401772861,Chicago Bears,defensive,4034530,Chris Williams,,,,0,,0,,,,,,,1,1,0,0,0,,,,,,,,,
401772861,Chicago Bears,defensive,4241007,D'Marco Jackson,,,,0,,0,,,,,,,1,1,0,1,0,,,,,,,,,
401772861,Chicago Bears,defensive,4244300,Dominique Robinson,,,,0,,0,,,,,,,1,1,1,0,1,,,,,,,,,
401772861,Chicago Bears,defensive,4331768,Jonathan Owens,,,,0,,0,,,,,,,1,1,0,0,0,,,,,,,,,
401772861,Chicago Bears,defensive,4037457,Travis Homer,,,,0,,0,,,,,,,1,0,0,0,0,,,,,,,,,
401772861,Chicago Bears,defensive,4242402,Elijah Hicks,,,,0,,0,,,,,,,1,0,0,0,0,,,,,,,,,
401772861,Chicago Bears,defensive,4242659,Dayo Odeyingbo,,,,0,,0,,,,,,,1,0,0,0,0,,,,,,,,,
401772861,Chicago Bears,defensive,4365629,Daniel Hardy,,,,0,,0,,,,,,,1,0,0,0,0,,,,,,,,,
401772861,Chicago Bears,defensive,4429014,Gervon Dexter Sr.,,,,0,,0,,,,,,,1,0,0,0,0,,,,,,,,,
401772861,Chicago Bears,interceptions,4570470,Nahshon Wright,,38,,0,1,,,,,,,,,,,,,,,,,,,,,
401772861,Chicago Bears,interceptions,3929950,Tremaine Edmunds,,10,,0,1,,,,,,,,,,,,,,,,,,,,,
401772861,Chicago Bears,interceptions,2574056,Kevin Byard III,,0,,0,1,,,,,,,,,,,,,,,,,,,,,
401772861,Chicago Bears,kickReturns,4039050,Devin Duvernay,,47,23.5,0,,,,,,24,,,,,,,,2,,,,,,,,
401772861,Chicago Bears,puntReturns,4039050,Devin Duvernay,,18,9.0,0,,,,,,10,,,,,,,,2,,,,,,,,
401772861,Chicago Bears,kicking,4372066,Jake Moody,,,,,,,,,,39,,,,,,,,,4/4,100.0,2/2,14,,,,
401772861,Chicago Bears,punting,4686889,Tory Taylor,,129,43.0,,,,,,,47,,,,,,,,3,,,,,0,2,,
401772754,Miami Dolphins,passing,4241479,Tua Tagovailoa,12/23,100,4.3,0,3,2-13,3.3,24.1,,,,,,,,,,,,,,,,,,
401772754,Miami Dolphins,passing,4889929,Quinn Ewers,5/8,53,6.6,0,0,2-20,21.3,81.8,,,,,,,,,,,,,,,,,,
401772754,Miami Dolphins,rushing,4429160,De'Von Achane,,82,6.3,0,,,,,13,46,,,,,,,,,,,,,,,,
401772754,Miami Dolphins,rushing,4711533,Ollie Gordon II,,11,2.2,0,,,,,5,8,,,,,,,,,,,,,,,,
401772754,Miami Dolphins,rushing,4241479,Tua Tagovailoa,,6,2.0,0,,,,,3,6,,,,,,,,,,,,,,,,
401772754,Miami Dolphins,rushing,4889929,Quinn Ewers,,0,0.0,0,,,,,1,0,,,,,,,,,,,,,,,,
401772754,Miami Dolphins,receiving,4043016,Dee Eskridge,,45,22.5,0,,,,,,40,2,2,,,,,,,,,,,,,,
401772754,Miami Dolphins,receiving,4569603,Malik Washington,,30,6.0,0,,,,,,14,5,8,,,,,,,,,,,,,,
401772754,Miami Dolphins,receiving,4047422,Tanner Conner,,28,28.0,0,,,,,,28,1,3,,,,,,,,,,,,,,
401772754,Miami Dolphins,receiving,3929785,Nick Westbrook-Ikhine,,16,5.3,0,,,,,,11,3,4,,,,,,,,,,,,,,
401772754,Miami Dolphins,receiving,4429160,De'Von Achane,,16,5.3,0,,,,,,16,3,5,,,,,,,,,,,,,,
401772754,Miami Dolphins,receiving,4372016,Jaylen Waddle,,15,15.0,0,,,,,,15,1,4,,,,,,,,,,,,,,
401772754,Miami Dolphins,receiving,4711533,Ollie Gordon II,,2,2.0,0,,,,,,2,1,2,,,,,,,,,,,,,,
401772754,Miami Dolphins,receiving,4365395,Julian Hill,,1,1.0,0,,,,,,1,1,2,,,,,,,,,,,,,,
401772754,Miami Dolphins,fumbles,4241479,Tua Tagovailoa,,,,,,,,,,,2,,,,,,,,,,,,,,3,0
401772754,Miami Dolphins,fumbles,4889929,Quinn Ewers,,,,,,,,,,,1,,,,,,,,,,,,,,2,0
401772754,Miami Dolphins,fumbles,4043016,Dee Eskridge,,,,,,,,,,,0,,,,,,,,,,,,,,1,1
401772754,Miami Dolphins,fumbles,4429160,De'Von Achane,,,,,,,,,,,1,,,,,,,,,,,,,,0,0
401772754,Miami Dolphins,fumbles,4241217,Larry Borom,,,,,,,,,,,1,,,,,,,,,,,,,,0,0
401772754,Miami Dolphins,defensive,4043130,Jordyn Brooks,,,,0,,0,,,,,,,9,5,1,0,0,,,,,,,,,
401772754,Miami Dolphins,defensive,4035232,Tyrel Dodson,,,,0,,1,,,,,,,8,5,1,0,1,,,,,,,,,
401772754,Miami Dolphins,defensive,3858271,Ashtyn Davis,,,,0,,0,,,,,,,7,6,1,0,0,,,,,,,,,
401772754,Miami Dolphins,defensive,4894654,Kenneth Grant,,,,0,,0,,,,,,,5,4,1,0,0,,,,,,,,,
401772754,Miami Dolphins,defensive,3116733,Bradley Chubb,,,,0,,0,,,,,,,5,3,1,0,1,,,,,,,,,
401772754,Miami Dolphins,defensive,3925345,Minkah Fitzpatrick,,,,0,,0,,,,,,,4,3,0,0,0,,,,,,,,,
401772754,Miami Dolphins,defensive,4360746,Ethan Bonner,,,,0,,0,,,,,,,3,2,1,1,0,,,,,,,,,
401772754,Miami Dolphins,defensive,3057956,Zach Sieler,,,,0,,0,,,,,,,2,2,1,0,0,,,,,,,,,
401772754,Miami Dolphins,defensive,4035686,Jack Jones,,,,0,,0,,,,,,,2,2,1,1,0,,,,,,,,,
401772754,Miami Dolphins,defensive,4242975,Jaelan Phillips,,,,0,,1,,,,,,,2,1,1,0,1,,,,,,,,,
401772754,Miami Dolphins,defensive,4240401,Ifeatu Melifonwu,,,,0,,0,,,,,,,2,1,0,0,0,,,,,,,,,
401772754,Miami Dolphins,defensive,2575907,Joe Cardona,,,,0,,0,,,,,,,1,1,0,0,0,,,,,,,,,
401772754,Miami Dolphins,defensive,3929785,Nick Westbrook-Ikhine,,,,0,,0,,,,,,,1,1,0,0,0,,,,,,,,,
401772754,Miami Dolphins,defensive,3943270,Rasul Douglas,,,,0,,0,,,,,,,1,1,0,0,0,,,,,,,,,
401772754,Miami Dolphins,defensive,4035857,Cameron Goode,,,,0,,0,,,,,,,1,1,0,0,0,,,,,,,,,
401772754,Miami Dolphins,defensive,4242457,Matthew Butler,,,,0,,0,,,,,,,1,1,0,0,0,,,,,,,,,
401772754,Miami Dolphins,defensive,4429160,De'Von Achane,,,,0,,0,,,,,,,1,1,0,0,0,,,,,,,,,
401772754,Miami Dolphins,defensive,4431586,Chop Robinson,,,,0,,0,,,,,,,1,1,0,0,0,,,,,,,,,
401772754,Miami Dolphins,defensive,4837188,Jordan Phillips,,,,0,,0,,,,,,,1,1,0,0,0,,,,,,,,,
401772754,Miami Dolphins,defensive,4035299,Benito Jones,,,,0,,0,,,,,,,1,0,0,0,0,,,,,,,,,
401772754,Miami Dolphins,kickReturns,4569603,Malik Washington,,114,28.5,0,,,,,,40,,,,,,,,4,,,,,,,,
401772754,Miami Dolphins,kickReturns,4043016,Dee Eskridge,,50,25.0,0,,,,,,27,,,,,,,,2,,,,,,,,
401772754,Miami Dolphins,puntReturns,4569603,Malik Washington,,11,11.0,0,,,,,,11,,,,,,,,1,,,,,,,,
401772754,Miami Dolphins,kicking,4243371,Riley Patterson,,,,,,,,,,33,,,,,,,,,2/2,100.0,0/0,6,,,,
401772754,Miami Dolphins,punting,3931395,Jake Bailey,,189,47.3,,,,,,,50,,,,,,,,4,,,,,0,1,,
401772754,Cleveland Browns,passing,4427238,Dillon Gabriel,13/18,116,6.4,0,0,2-14,24.4,89.1,,,,,,,,,,,,,,,,,,
401772754,Cleveland Browns,rushing,4685702,Quinshon Judkins,,84,3.4,3,,,,,25,46,,,,,,,,,,,,,,,,
401772754,Cleveland Browns,rushing,4427238,Dillon Gabriel,,12,3.0,0,,,,,4,6,,,,,,,,,,,,,,,,
401772754,Cleveland Browns,rushing,5081397,Dylan Sampson,,8,2.7,0,,,,,3,4,,,,,,,,,,,,,,,,
401772754,Cleveland Browns,rushing,4372019,Jerome Ford,,0,0.0,0,,,,,1,0,,,,,,,,,,,,,,,,
401772754,Cleveland Browns,receiving,5083076,Harold Fannin Jr.,,36,9.0,0,,,,,,19,4,5,,,,,,,,,,,,,,
401772754,Cleveland Browns,receiving,4428678,Jamari Thrash,,23,23.0,0,,,,,,23,1,2,,,,,,,,,,,,,,
401772754,Cleveland Browns,receiving,4241463,Jerry Jeudy,,17,8.5,0,,,,,,16,2,4,,,,,,,,,,,,,,
401772754,Cleveland Browns,receiving,4613104,Malachi Corley,,17,8.5,0,,,,,,17,2,2,,,,,,,,,,,,,,
401772754,Cleveland Browns,receiving,4372019,Jerome Ford,,10,5.0,0,,,,,,9,2,2,,,,,,,,,,,,,,
401772754,Cleveland Browns,receiving,5081397,Dylan Sampson,,9,9.0,0,,,,,,9,1,1,,,,,,,,,,,,,,
401772754,Cleveland Browns,receiving,4362018,Blake Whiteheart,,4,4.0,0,,,,,,4,1,1,,,,,,,,,,,,,,
401772754,Cleveland Browns,receiving,4877203,Gage Larvadain,,0,0.0,0,,,,,,0,0,1,,,,,,,,,,,,,,
401772754,Cleveland Browns,fumbles,4362018,Blake Whiteheart,,,,,,,,,,,1,,,,,,,,,,,,,,1,0
401772754,Cleveland Browns,fumbles,2969961,Rayshawn Jenkins,,,,,,,,,,,1,,,,,,,,,,,,,,0,0
401772754,Cleveland Browns,defensive,4876017,Carson Schwesinger,,,,0,,0,,,,,,,7,3,1,0,0,,,,,,,,,
401772754,Cleveland Browns,defensive,4036261,Devin Bush,,,,0,,0,,,,,,,6,3,0,0,0,,,,,,,,,
401772754,Cleveland Browns,defensive,4570119,Alex Wright,,,,0,,0,,,,,,,5,4,2,0,0,,,,,,,,,
401772754,Cleveland Browns,defensive,4242208,Grant Delpit,,,,0,,1,,,,,,,4,3,1,0,2,,,,,,,,,
401772754,Cleveland Browns,defensive,4695783,Myles Harden,,,,0,,0,,,,,,,4,3,1,1,0,,,,,,,,,
401772754,Cleveland Browns,defensive,3915507,Jerome Baker,,,,0,,1,,,,,,,4,1,1,0,0,,,,,,,,,
401772754,Cleveland Browns,defensive,3915535,Denzel Ward,,,,0,,0,,,,,,,3,3,0,0,0,,,,,,,,,
401772754,Cleveland Browns,defensive,4873232,Mason Graham,,,,0,,0,,,,,,,3,3,1,1,0,,,,,,,,,
401772754,Cleveland Browns,defensive,2969961,Rayshawn Jenkins,,,,0,,0,,,,,,,3,2,0,1,0,,,,,,,,,
401772754,Cleveland Browns,defensive,16837,Shelby Harris,,,,0,,0,,,,,,,3,1,0,0,1,,,,,,,,,
401772754,Cleveland Browns,defensive,3122132,Myles Garrett,,,,0,,1,,,,,,,2,2,2,0,2,,,,,,,,,
401772754,Cleveland Browns,defensive,4686027,Donovan McMillon,,,,0,,1,,,,,,,2,2,1,0,1,,,,,,,,,
401772754,Cleveland Browns,defensive,4259300,Tre Avery,,,,0,,0,,,,,,,2,1,0,0,0,,,,,,,,,
401772754,Cleveland Browns,defensive,4379397,Tyson Campbell,,,,1,,0,,,,,,,2,1,0,2,0,,,,,,,,,
401772754,Cleveland Browns,defensive,4427963,Isaiah McGuire,,,,0,,0,,,,,,,2,1,1,0,0,,,,,,,,,
401772754,Cleveland Browns,defensive,4569620,Ronnie Hickman,,,,0,,0,,,,,,,2,1,0,1,0,,,,,,,,,
401772754,Cleveland Browns,defensive,5085888,Easton Mascarenas-Arnold,,,,0,,0,,,,,,,2,1,0,0,0,,,,,,,,,
401772754,Cleveland Browns,defensive,3040471,Maliek Collins,,,,0,,0,,,,,,,1,1,0,0,0,,,,,,,,,
401772754,Cleveland Browns,defensive,4572519,Dom Jones,,,,0,,0,,,,,,,1,1,0,0,0,,,,,,,,,
401772754,Cleveland Browns,defensive,3913293,Rex Sunahara,,,,0,,0,,,,,,,1,0,0,0,0,,,,,,,,,
401772754,Cleveland Browns,defensive,4361510,Cameron Thomas,,,,0,,0,,,,,,,1,0,0,0,0,,,,,,,,,
401772754,Cleveland Browns,defensive,4605792,Adin Huntington,,,,0,,0,,,,,,,1,0,0,0,0,,,,,,,,,
401772754,Cleveland Browns,interceptions,4379397,Tyson Campbell,,34,,1,1,,,,,,,,,,,,,,,,,,,,,
401772754,Cleveland Browns,interceptions,4569620,Ronnie Hickman,,16,,0,1,,,,,,,,,,,,,,,,,,,,,
401772754,Cleveland Browns,interceptions,2969961,Rayshawn Jenkins,,9,,0,1,,,,,,,,,,,,,,,,,,,,,
401772754,Cleveland Browns,kickReturns,5081397,Dylan Sampson,,37,18.5,0,,,,,,27,,,,,,,,2,,,,,,,,
401772754,Cleveland Browns,puntReturns,4877203,Gage Larvadain,,7,3.5,0,,,,,,7,,,,,,,,2,,,,,,,,
401772754,Cleveland Browns,kicking,4258620,Andre Szmyt,,,,,,,,,,30,,,,,,,,,1/1,100.0,4/4,7,,,,
401772754,Cleveland Browns,punting,4039396,Corey Bojorquez,,258,43.0,,,,,,,60,,,,,,,,6,,,,,2,3,,
401772755,New England Patriots,passing,4431452,Drake Maye,21/23,222,9.7,2,0,4-22,96.3,135.9,,,,,,,,,,,,,,,,,,
401772755,New England Patriots,passing,3044720,Joshua Dobbs,1/1,12,12.0,0,0,0-0,100.0,116.7,,,,,,,,,,,,,,,,,,
401772755,New England Patriots,rushing,4569173,Rhamondre Stevenson,,88,4.9,1,,,,,18,16,,,,,,,,,,,,,,,,
401772755,New England Patriots,rushing,4431452,Drake Maye,,62,7.8,0,,,,,8,19,,,,,,,,,,,,,,,,
401772755,New England Patriots,rushing,4427600,Terrell Jennings,,18,3.6,0,,,,,5,9,,,,,,,,,,,,,,,,
401772755,New England Patriots,rushing,4432710,TreVeyon Henderson,,5,2.5,0,,,,,2,3,,,,,,,,,,,,,,,,
401772755,New England Patriots,rushing,2991662,Mack Hollins,,4,4.0,0,,,,,1,4,,,,,,,,,,,,,,,,
401772755,New England Patriots,rushing,3044720,Joshua Dobbs,,-2,-1.0,0,,,,,2,-1,,,,,,,,,,,,,,,,
401772755,New England Patriots,receiving,2976212,Stefon Diggs,,69,9.9,0,,,,,,24,7,7,,,,,,,,,,,,,,
401772755,New England Patriots,receiving,4429022,Kayshon Boutte,,55,27.5,1,,,,,,39,2,2,,,,,,,,,,,,,,
401772755,New England Patriots,receiving,2991662,Mack Hollins,,49,24.5,0,,,,,,27,2,2,,,,,,,,,,,,,,
401772755,New England Patriots,receiving,3046439,Hunter Henry,,33,8.3,0,,,,,,12,4,5,,,,,,,,,,,,,,
401772755,New England Patriots,receiving,4427095,DeMario Douglas,,17,5.7,0,,,,,,12,3,3,,,,,,,,,,,,,,
401772755,New England Patriots,receiving,3043275,Austin Hooper,,11,5.5,1,,,,,,8,2,2,,,,,,,,,,,,,,
401772755,New England Patriots,receiving,4569173,Rhamondre Stevenson,,0,0.0,0,,,,,,2,2,2,,,,,,,,,,,,,,
401772755,New England Patriots,receiving,4613202,Kyle Williams,,0,0.0,0,,,,,,0,0,1,,,,,,,,,,,,,,
401772755,New England Patriots,fumbles,4242205,K'Lavon Chaisson,,,,,,,,,,,1,,,,,,,,,,,,,,0,0
401772755,New England Patriots,defensive,4248899,Marte Mapu,,,,0,,0,,,,,,,8,6,0,1,0,,,,,,,,,
401772755,New England Patriots,defensive,4686772,Christian Gonzalez,,,,0,,0,,,,,,,5,5,0,0,0,,,,,,,,,
401772755,New England Patriots,defensive,4239699,Milton Williams,,,,0,,1,,,,,,,5,3,1,0,1,,,,,,,,,
401772755,New England Patriots,defensive,3124587,Jahlani Tavai,,,,0,,0,,,,,,,4,3,0,0,0,,,,,,,,,
401772755,New England Patriots,defensive,3916923,Carlton Davis III,,,,0,,0,,,,,,,4,2,0,0,0,,,,,,,,,
401772755,New England Patriots,defensive,4242205,K'Lavon Chaisson,,,,1,,2,,,,,,,3,2,2,0,2,,,,,,,,,
401772755,New England Patriots,defensive,3122793,Harold Landry III,,,,0,,1,,,,,,,3,2,1,0,1,,,,,,,,,
401772755,New England Patriots,defensive,4241720,Marcus Jones,,,,0,,0,,,,,,,3,2,1,1,0,,,,,,,,,
401772755,New England Patriots,defensive,4245273,Christian Elliss,,,,0,,0,,,,,,,3,2,0,0,1,,,,,,,,,
401772755,New England Patriots,defensive,4047941,Brenden Schooler,,,,0,,0,,,,,,,2,2,0,0,0,,,,,,,,,
401772755,New England Patriots,defensive,4688432,Elijah Ponder,,,,0,,0,,,,,,,2,2,0,0,0,,,,,,,,,
401772755,New England Patriots,defensive,3129446,Robert Spillane,,,,0,,0,,,,,,,2,1,0,0,0,,,,,,,,,
401772755,New England Patriots,defensive,4256074,Khyiris Tonga,,,,0,,0,,,,,,,2,1,0,0,0,,,,,,,,,
401772755,New England Patriots,defensive,4401811,Kyle Dugger,,,,0,,0,,,,,,,2,1,0,0,0,,,,,,,,,
401772755,New England Patriots,defensive,4240042,Cory Durden,,,,0,,0,,,,,,,1,1,1,0,0,,,,,,,,,
401772755,New England Patriots,defensive,4249739,Jack Gibbens,,,,0,,0,,,,,,,1,1,0,0,0,,,,,,,,,
401772755,New England Patriots,defensive,4243493,Keion White,,,,0,,0,,,,,,,1,0,0,0,0,,,,,,,,,
401772755,New England Patriots,defensive,4428930,Craig Woodson,,,,0,,0,,,,,,,1,0,0,0,0,,,,,,,,,
401772755,New England Patriots,defensive,4611993,Joshua Farmer,,,,0,,0,,,,,,,1,0,0,0,0,,,,,,,,,
401772755,New England Patriots,interceptions,4241720,Marcus Jones,,32,,0,1,,,,,,,,,,,,,,,,,,,,,
401772755,New England Patriots,kickReturns,4695193,Efton Chism III,,40,20.0,0,,,,,,24,,,,,,,,2,,,,,,,,
401772755,New England Patriots,kicking,4569923,Andy Borregales,,,,,,,,,,36,,,,,,,,,1/1,100.0,4/4,7,,,,
401772755,New England Patriots,punting,4240545,Bryce Baringer,,150,37.5,,,,,,,51,,,,,,,,4,,,,,0,1,,
401772755,Tennessee Titans,passing,4688380,Cam Ward,25/34,255,7.5,1,1,5-39,21.0,92.2,,,,,,,,,,,,,,,,,,
401772755,Tennessee Titans,rushing,4428557,Tyjae Spears,,22,4.4,0,,,,,5,8,,,,,,,,,,,,,,,,
401772755,Tennessee Titans,rushing,3916148,Tony Pollard,,18,3.0,0,,,,,6,6,,,,,,,,,,,,,,,,
401772755,Tennessee Titans,rushing,4431268,Chimere Dike,,-1,-1.0,0,,,,,1,-1,,,,,,,,,,,,,,,,
401772755,Tennessee Titans,receiving,4431268,Chimere Dike,,70,17.5,1,,,,,,38,4,4,,,,,,,,,,,,,,
401772755,Tennessee Titans,receiving,3916148,Tony Pollard,,43,7.2,0,,,,,,10,6,6,,,,,,,,,,,,,,
401772755,Tennessee Titans,receiving,3930066,Van Jefferson,,41,10.3,0,,,,,,15,4,4,,,,,,,,,,,,,,
401772755,Tennessee Titans,receiving,4686728,Gunnar Helm,,36,9.0,0,,,,,,13,4,5,,,,,,,,,,,,,,
401772755,Tennessee Titans,receiving,4883647,Elic Ayomanor,,29,14.5,0,,,,,,20,2,5,,,,,,,,,,,,,,
401772755,Tennessee Titans,receiving,2577327,Tyler Lockett,,18,9.0,0,,,,,,13,2,2,,,,,,,,,,,,,,
401772755,Tennessee Titans,receiving,4428557,Tyjae Spears,,18,6.0,0,,,,,,11,3,4,,,,,,,,,,,,,,
401772755,Tennessee Titans,receiving,4360635,Chig Okonkwo,,0,0.0,0,,,,,,0,0,2,,,,,,,,,,,,,,
401772755,Tennessee Titans,fumbles,4688380,Cam Ward,,,,,,,,,,,0,,,,,,,,,,,,,,1,1
401772755,Tennessee Titans,defensive,4429834,Cedric Gray,,,,0,,0,,,,,,,10,7,1,0,0,,,,,,,,,
401772755,Tennessee Titans,defensive,2577553,Quandre Diggs,,,,0,,0,,,,,,,7,3,0,0,0,,,,,,,,,
401772755,Tennessee Titans,defensive,4371973,Roger McCreary,,,,0,,0,,,,,,,6,4,0,0,0,,,,,,,,,
401772755,Tennessee Titans,defensive,4036134,Amani Hooker,,,,0,,0,,,,,,,6,3,0,0,0,,,,,,,,,
401772755,Tennessee Titans,defensive,4428617,T'Vondre Sweat,,,,0,,1,,,,,,,6,2,1,0,1,,,,,,,,,
401772755,Tennessee Titans,defensive,4372017,Jalyn Armour-Davis,,,,0,,0,,,,,,,5,2,0,0,0,,,,,,,,,
401772755,Tennessee Titans,defensive,3115914,Jihad Ward,,,,0,,1,,,,,,,4,3,1,0,1,,,,,,,,,
401772755,Tennessee Titans,defensive,3047495,Sebastian Joseph-Day,,,,0,,0,,,,,,,4,3,1,0,0,,,,,,,,,
401772755,Tennessee Titans,defensive,3040572,Xavier Woods,,,,0,,1,,,,,,,4,1,0,0,0,,,,,,,,,
401772755,Tennessee Titans,defensive,3926229,Cody Barton,,,,0,,0,,,,,,,4,1,0,0,0,,,,,,,,,
401772755,Tennessee Titans,defensive,4429058,Jaylen Harrell,,,,0,,0,,,,,,,3,3,0,0,0,,,,,,,,,
401772755,Tennessee Titans,defensive,4036660,Darrell Baker Jr.,,,,0,,0,,,,,,,3,2,0,0,0,,,,,,,,,
401772755,Tennessee Titans,defensive,4259181,James Lynch,,,,0,,0,,,,,,,3,2,1,0,0,,,,,,,,,
401772755,Tennessee Titans,defensive,3915525,Dre'Mont Jones,,,,0,,1,,,,,,,3,1,1,0,1,,,,,,,,,
401772755,Tennessee Titans,defensive,4040432,L'Jarius Sneed,,,,0,,0,,,,,,,2,2,0,0,0,,,,,,,,,
401772755,Tennessee Titans,defensive,4035369,Jeffery Simmons,,,,0,,0,,,,,,,2,1,0,0,0,,,,,,,,,
401772755,Tennessee Titans,defensive,4360635,Chig Okonkwo,,,,0,,0,,,,,,,1,1,0,0,0,,,,,,,,,
401772755,Tennessee Titans,defensive,4685617,Kevin Winston Jr.,,,,0,,0,,,,,,,1,1,0,0,1,,,,,,,,,
401772755,Tennessee Titans,defensive,3886601,Shy Tuttle,,,,0,,0,,,,,,,1,0,0,0,0,,,,,,,,,
401772755,Tennessee Titans,defensive,4057082,Mason Kinsey,,,,0,,0,,,,,,,1,0,0,0,0,,,,,,,,,
401772755,Tennessee Titans,defensive,4367567,Julius Chestnut,,,,0,,0,,,,,,,1,0,0,0,0,,,,,,,,,
401772755,Tennessee Titans,kickReturns,4431268,Chimere Dike,,84,28.0,0,,,,,,31,,,,,,,,3,,,,,,,,
401772755,Tennessee Titans,puntReturns,4431268,Chimere Dike,,15,15.0,0,,,,,,15,,,,,,,,1,,,,,,,,
401772755,Tennessee Titans,kicking,3124084,Joey Slye,,,,,,,,,,50,,,,,,,,,2/2,100.0,1/1,7,,,,
401772755,Tennessee Titans,punting,15153,Johnny Hekker,,122,40.7,,,,,,,53,,,,,,,,3,,,,,0,2,,
401772753,Las Vegas Raiders,passing,15864,Geno Smith,10/16,67,4.2,0,0,1-5,7.8,71.6,,,,,,,,,,,,,,,,,,
401772753,Las Vegas Raiders,passing,4240703,Kenny Pickett,2/2,8,4.0,0,0,0-0,0.0,83.3,,,,,,,,,,,,,,,,,,
401772753,Las Vegas Raiders,rushing,4890973,Ashton Jeanty,,21,3.5,0,,,,,6,8,,,,,,,,,,,,,,,,
401772753,Las Vegas Raiders,rushing,4366963,Dylan Laube,,3,1.5,0,,,,,2,2,,,,,,,,,,,,,,,,
401772753,Las Vegas Raiders,rushing,15864,Geno Smith,,1,0.5,0,,,,,2,1,,,,,,,,,,,,,,,,
401772753,Las Vegas Raiders,rushing,4240703,Kenny Pickett,,0,0.0,0,,,,,1,0,,,,,,,,,,,,,,,,
401772753,Las Vegas Raiders,receiving,4428718,Tre Tucker,,33,6.6,0,,,,,,14,5,6,,,,,,,,,,,,,,
401772753,Las Vegas Raiders,receiving,4890973,Ashton Jeanty,,13,13.0,0,,,,,,13,1,1,,,,,,,,,,,,,,
401772753,Las Vegas Raiders,receiving,4603186,Jack Bech,,13,6.5,0,,,,,,7,2,2,,,,,,,,,,,,,,
401772753,Las Vegas Raiders,receiving,4429086,Michael Mayer,,10,10.0,0,,,,,,10,1,2,,,,,,,,,,,,,,
401772753,Las Vegas Raiders,receiving,5155825,Carter Runyon,,3,3.0,0,,,,,,3,1,1,,,,,,,,,,,,,,
401772753,Las Vegas Raiders,receiving,2576414,Raheem Mostert,,2,2.0,0,,,,,,2,1,1,,,,,,,,,,,,,,
401772753,Las Vegas Raiders,receiving,4366963,Dylan Laube,,1,1.0,0,,,,,,1,1,1,,,,,,,,,,,,,,
401772753,Las Vegas Raiders,receiving,4432775,Dont'e Thornton Jr.,,0,0.0,0,,,,,,0,0,3,,,,,,,,,,,,,,
401772753,Las Vegas Raiders,fumbles,4240703,Kenny Pickett,,,,,,,,,,,0,,,,,,,,,,,,,,1,1
401772753,Las Vegas Raiders,fumbles,15864,Geno Smith,,,,,,,,,,,1,,,,,,,,,,,,,,1,0
401772753,Las Vegas Raiders,defensive,2987743,Elandon Roberts,,,,0,,0,,,,,,,18,7,1,0,0,,,,,,,,,
401772753,Las Vegas Raiders,defensive,4035434,Devin White,,,,0,,0,,,,,,,16,6,1,0,1,,,,,,,,,
401772753,Las Vegas Raiders,defensive,4043169,Jeremy Chinn,,,,0,,0,,,,,,,10,8,0,0,0,,,,,,,,,
401772753,Las Vegas Raiders,defensive,4259632,Isaiah Pola-Mao,,,,0,,0,,,,,,,10,8,0,0,0,,,,,,,,,
401772753,Las Vegas Raiders,defensive,4239719,Malcolm Koonce,,,,0,,0,,,,,,,6,2,0,0,0,,,,,,,,,
401772753,Las Vegas Raiders,defensive,4360749,Thomas Booker IV,,,,0,,0,,,,,,,6,2,0,0,0,,,,,,,,,
401772753,Las Vegas Raiders,defensive,3115373,Jamal Adams,,,,0,,1,,,,,,,3,2,1,0,1,,,,,,,,,
401772753,Las Vegas Raiders,defensive,3916655,Maxx Crosby,,,,0,,0,,,,,,,3,1,0,0,0,,,,,,,,,
401772753,Las Vegas Raiders,defensive,4035666,Leki Fotu,,,,0,,0,,,,,,,3,1,1,0,0,,,,,,,,,
401772753,Las Vegas Raiders,defensive,4373956,Jonah Laulu,,,,0,,0,,,,,,,3,1,0,2,1,,,,,,,,,
401772753,Las Vegas Raiders,defensive,4259561,Eric Stokes,,,,0,,0,,,,,,,2,2,0,0,0,,,,,,,,,
401772753,Las Vegas Raiders,defensive,4372533,Tyree Wilson,,,,0,,0,,,,,,,2,2,1,0,0,,,,,,,,,
401772753,Las Vegas Raiders,defensive,4240849,Charles Snowden,,,,0,,0,,,,,,,2,1,1,0,0,,,,,,,,,
401772753,Las Vegas Raiders,defensive,4250393,Tristin McCollum,,,,0,,0,,,,,,,2,1,0,0,0,,,,,,,,,
401772753,Las Vegas Raiders,defensive,4242973,Darnay Holmes,,,,0,,0,,,,,,,1,1,0,0,0,,,,,,,,,
401772753,Las Vegas Raiders,defensive,4258485,Jon Rhattigan,,,,0,,0,,,,,,,1,1,0,0,0,,,,,,,,,
401772753,Las Vegas Raiders,kickReturns,2576414,Raheem Mostert,,100,33.3,0,,,,,,37,,,,,,,,3,,,,,,,,
401772753,Las Vegas Raiders,puntReturns,3919510,Alex Bachman,,6,6.0,0,,,,,,6,,,,,,,,1,,,,,,,,
401772753,Las Vegas Raiders,punting,3686689,AJ Cole,,283,47.2,,,,,,,63,,,,,,,,6,,,,,0,3,,
401772753,Kansas City Chiefs,passing,3139477,Patrick Mahomes,26/35,286,8.2,3,0,1-4,89.6,126.6,,,,,,,,,,,,,,,,,,
401772753,Kansas City Chiefs,rushing,4361529,Isiah Pacheco,,57,3.8,1,,,,,15,11,,,,,,,,,,,,,,,,
401772753,Kansas City Chiefs,rushing,4596602,Brashard Smith,,39,2.8,0,,,,,14,8,,,,,,,,,,,,,,,,
401772753,Kansas City Chiefs,rushing,3139477,Patrick Mahomes,,28,7.0,0,,,,,4,10,,,,,,,,,,,,,,,,
401772753,Kansas City Chiefs,rushing,3059915,Kareem Hunt,,18,4.5,0,,,,,4,9,,,,,,,,,,,,,,,,
401772753,Kansas City Chiefs,rushing,4683062,Xavier Worthy,,13,13.0,0,,,,,1,13,,,,,,,,,,,,,,,,
401772753,Kansas City Chiefs,rushing,4038524,Gardner Minshew,,-3,-1.0,0,,,,,3,-1,,,,,,,,,,,,,,,,
401772753,Kansas City Chiefs,receiving,15847,Travis Kelce,,54,18.0,0,,,,,,44,3,3,,,,,,,,,,,,,,
401772753,Kansas City Chiefs,receiving,4428331,Rashee Rice,,42,6.0,2,,,,,,12,7,10,,,,,,,,,,,,,,
401772753,Kansas City Chiefs,receiving,4596602,Brashard Smith,,42,8.4,0,,,,,,17,5,5,,,,,,,,,,,,,,
401772753,Kansas City Chiefs,receiving,4362921,Tyquan Thornton,,39,39.0,0,,,,,,39,1,2,,,,,,,,,,,,,,
401772753,Kansas City Chiefs,receiving,3120348,JuJu Smith-Schuster,,35,11.7,0,,,,,,19,3,3,,,,,,,,,,,,,,
401772753,Kansas City Chiefs,receiving,4683062,Xavier Worthy,,35,11.7,0,,,,,,15,3,4,,,,,,,,,,,,,,
401772753,Kansas City Chiefs,receiving,4240472,Noah Gray,,28,28.0,0,,,,,,28,1,1,,,,,,,,,,,,,,
401772753,Kansas City Chiefs,receiving,4241372,Hollywood Brown,,14,7.0,1,,,,,,8,2,4,,,,,,,,,,,,,,
401772753,Kansas City Chiefs,receiving,4361529,Isiah Pacheco,,-3,-3.0,0,,,,,,-3,1,2,,,,,,,,,,,,,,
401772753,Kansas City Chiefs,fumbles,4241372,Hollywood Brown,,,,,,,,,,,0,,,,,,,,,,,,,,1,0
401772753,Kansas City Chiefs,fumbles,4372716,Nikko Remigio,,,,,,,,,,,1,,,,,,,,,,,,,,1,0
401772753,Kansas City Chiefs,fumbles,4683062,Xavier Worthy,,,,,,,,,,,1,,,,,,,,,,,,,,0,0
401772753,Kansas City Chiefs,fumbles,3863182,Jerry Tillery,,,,,,,,,,,1,,,,,,,,,,,,,,0,0
401772753,Kansas City Chiefs,defensive,4426405,Trent McDuffie,,,,0,,0,,,,,,,6,4,0,0,0,,,,,,,,,
401772753,Kansas City Chiefs,defensive,4428383,Chris Roland-Wallace,,,,0,,0,,,,,,,4,3,0,0,0,,,,,,,,,
401772753,Kansas City Chiefs,defensive,4610705,Nohl Williams,,,,0,,0,,,,,,,3,1,0,0,0,,,,,,,,,
401772753,Kansas City Chiefs,defensive,4685232,Jaden Hicks,,,,0,,0,,,,,,,3,1,0,0,0,,,,,,,,,
401772753,Kansas City Chiefs,defensive,4426901,Leo Chenal,,,,0,,0,,,,,,,3,0,0,0,0,,,,,,,,,
401772753,Kansas City Chiefs,defensive,4567826,Cooper McDonald,,,,0,,0,,,,,,,2,2,0,0,0,,,,,,,,,
401772753,Kansas City Chiefs,defensive,3044859,Chris Jones,,,,0,,1,,,,,,,2,1,1,0,1,,,,,,,,,
401772753,Kansas City Chiefs,defensive,4361964,Chamarri Conner,,,,0,,0,,,,,,,2,1,0,0,0,,,,,,,,,
401772753,Kansas City Chiefs,defensive,4362759,Nick Bolton,,,,0,,0,,,,,,,2,1,0,0,0,,,,,,,,,
401772753,Kansas City Chiefs,defensive,4684432,Ashton Gillotte,,,,0,,0,,,,,,,2,0,0,0,0,,,,,,,,,
401772753,Kansas City Chiefs,defensive,3129310,Drue Tranquill,,,,0,,0,,,,,,,1,1,0,0,0,,,,,,,,,
401772753,Kansas City Chiefs,defensive,3863182,Jerry Tillery,,,,0,,0,,,,,,,1,1,0,0,0,,,,,,,,,
401772753,Kansas City Chiefs,defensive,4426659,George Karlaftis,,,,0,,0,,,,,,,1,1,0,0,0,,,,,,,,,
401772753,Kansas City Chiefs,defensive,3122930,Derrick Nnadi,,,,0,,0,,,,,,,1,0,0,0,0,,,,,,,,,
401772753,Kansas City Chiefs,defensive,3915487,Mike Danna,,,,0,,0,,,,,,,1,0,0,0,1,,,,,,,,,
401772753,Kansas City Chiefs,defensive,3929865,Charles Omenihu,,,,0,,0,,,,,,,1,0,0,0,0,,,,,,,,,
401772753,Kansas City Chiefs,defensive,4697639,Jaylen Watson,,,,0,,0,,,,,,,0,0,0,1,0,,,,,,,,,
401772753,Kansas City Chiefs,puntReturns,4372716,Nikko Remigio,,15,5.0,0,,,,,,11,,,,,,,,3,,,,,,,,
401772753,Kansas City Chiefs,kicking,3055899,Harrison Butker,,,,,,,,,,38,,,,,,,,,1/1,100.0,4/4,7,,,,
401772753,Kansas City Chiefs,punting,4361496,Matt Araiza,,106,35.3,,,,,,,40,,,,,,,,3,,,,,0,2,,
401772862,Philadelphia Eagles,passing,4040715,Jalen Hurts,19/23,326,14.2,3,0,3-10,94.0,158.3,,,,,,,,,,,,,,,,,,
401772862,Philadelphia Eagles,rushing,3929630,Saquon Barkley,,44,2.4,0,,,,,18,9,,,,,,,,,,,,,,,,
401772862,Philadelphia Eagles,rushing,4429013,Tank Bigsby,,11,11.0,0,,,,,1,11,,,,,,,,,,,,,,,,
401772862,Philadelphia Eagles,rushing,4040715,Jalen Hurts,,-10,-2.5,0,,,,,4,1,,,,,,,,,,,,,,,,
401772862,Philadelphia Eagles,receiving,4241478,DeVonta Smith,,183,20.3,1,,,,,,79,9,11,,,,,,,,,,,,,,
401772862,Philadelphia Eagles,receiving,4047646,A.J. Brown,,121,30.3,2,,,,,,45,4,6,,,,,,,,,,,,,,
401772862,Philadelphia Eagles,receiving,3121023,Dallas Goedert,,18,6.0,0,,,,,,11,3,3,,,,,,,,,,,,,,
401772862,Philadelphia Eagles,receiving,4431545,Will Shipley,,7,7.0,0,,,,,,7,1,1,,,,,,,,,,,,,,
401772862,Philadelphia Eagles,receiving,4429013,Tank Bigsby,,-1,-1.0,0,,,,,,-1,1,1,,,,,,,,,,,,,,
401772862,Philadelphia Eagles,receiving,3929630,Saquon Barkley,,-2,-2.0,0,,,,,,-2,1,1,,,,,,,,,,,,,,
401772862,Philadelphia Eagles,defensive,3917657,Zack Baun,,,,0,,0,,,,,,,10,6,0,0,0,,,,,,,,,
401772862,Philadelphia Eagles,defensive,4682618,Cooper DeJean,,,,0,,0,,,,,,,8,7,1,1,0,,,,,,,,,
401772862,Philadelphia Eagles,defensive,4426340,Nakobe Dean,,,,0,,0,,,,,,,6,3,1,0,0,,,,,,,,,
401772862,Philadelphia Eagles,defensive,4428992,Kelee Ringo,,,,0,,0,,,,,,,5,4,0,0,0,,,,,,,,,
401772862,Philadelphia Eagles,defensive,4686273,Quinyon Mitchell,,,,0,,0,,,,,,,4,4,0,0,0,,,,,,,,,
401772862,Philadelphia Eagles,defensive,4243956,Reed Blankenship,,,,0,,0,,,,,,,4,2,0,0,0,,,,,,,,,
401772862,Philadelphia Eagles,defensive,4685287,Jihaad Campbell,,,,0,,0,,,,,,,3,3,0,0,0,,,,,,,,,
401772862,Philadelphia Eagles,defensive,4685759,Jalen Carter,,,,0,,0,,,,,,,3,3,0,0,2,,,,,,,,,
401772862,Philadelphia Eagles,defensive,4046528,Joshua Uche,,,,0,,1,,,,,,,3,2,2,0,1,,,,,,,,,
401772862,Philadelphia Eagles,defensive,3120347,Adoree' Jackson,,,,0,,0,,,,,,,3,2,0,0,0,,,,,,,,,
401772862,Philadelphia Eagles,defensive,4243916,Patrick Johnson,,,,0,,0,,,,,,,3,2,0,0,1,,,,,,,,,
401772862,Philadelphia Eagles,defensive,4381558,Jordan Davis,,,,0,,0,,,,,,,3,2,1,0,1,,,,,,,,,
401772862,Philadelphia Eagles,defensive,4602197,Andrew Mukuba,,,,0,,0,,,,,,,3,1,0,1,0,,,,,,,,,
401772862,Philadelphia Eagles,defensive,4362116,Moro Ojomo,,,,0,,1,,,,,,,2,1,1,0,1,,,,,,,,,
401772862,Philadelphia Eagles,defensive,4372026,Cameron Latu,,,,0,,0,,,,,,,1,0,0,0,0,,,,,,,,,
401772862,Philadelphia Eagles,defensive,4571162,Jalyx Hunt,,,,1,,0,,,,,,,1,0,0,1,2,,,,,,,,,
401772862,Philadelphia Eagles,interceptions,4571162,Jalyx Hunt,,42,,1,1,,,,,,,,,,,,,,,,,,,,,
401772862,Philadelphia Eagles,interceptions,4602197,Andrew Mukuba,,0,,0,1,,,,,,,,,,,,,,,,,,,,,
401772862,Philadelphia Eagles,kickReturns,4427278,Xavier Gipson,,128,25.6,0,,,,,,37,,,,,,,,5,,,,,,,,
401772862,Philadelphia Eagles,kickReturns,4431545,Will Shipley,,58,29.0,0,,,,,,33,,,,,,,,2,,,,,,,,
401772862,Philadelphia Eagles,kicking,3050478,Jake Elliott,,,,,,,,,,0,,,,,,,,,0/1,0.0,4/4,4,,,,
401772862,Philadelphia Eagles,punting,4035239,Braden Mann,,146,48.7,,,,,,,53,,,,,,,,3,,,,,1,1,,
401772862,Minnesota Vikings,passing,2573079,Carson Wentz,26/42,313,7.5,0,2,2-15,46.4,64.9,,,,,,,,,,,,,,,,,,
401772862,Minnesota Vikings,rushing,4360569,Jordan Mason,,57,3.8,1,,,,,15,12,,,,,,,,,,,,,,,,
401772862,Minnesota Vikings,rushing,2573079,Carson Wentz,,28,7.0,0,,,,,4,16,,,,,,,,,,,,,,,,
401772862,Minnesota Vikings,rushing,4257364,Zavier Scott,,4,1.0,0,,,,,4,5,,,,,,,,,,,,,,,,
401772862,Minnesota Vikings,receiving,4429205,Jordan Addison,,128,14.2,0,,,,,,34,9,12,,,,,,,,,,,,,,
401772862,Minnesota Vikings,receiving,4262921,Justin Jefferson,,79,15.8,0,,,,,,40,5,10,,,,,,,,,,,,,,
401772862,Minnesota Vikings,receiving,4036133,T.J. Hockenson,,43,7.2,0,,,,,,10,6,9,,,,,,,,,,,,,,
401772862,Minnesota Vikings,receiving,4382466,Jalen Nailor,,37,18.5,0,,,,,,26,2,4,,,,,,,,,,,,,,
401772862,Minnesota Vikings,receiving,16460,Adam Thielen,,10,10.0,0,,,,,,10,1,2,,,,,,,,,,,,,,
401772862,Minnesota Vikings,receiving,3921690,Josh Oliver,,9,9.0,0,,,,,,9,1,1,,,,,,,,,,,,,,
401772862,Minnesota Vikings,receiving,4012556,C.J. Ham,,5,5.0,0,,,,,,5,1,1,,,,,,,,,,,,,,
401772862,Minnesota Vikings,receiving,4257364,Zavier Scott,,2,2.0,0,,,,,,2,1,1,,,,,,,,,,,,,,
401772862,Minnesota Vikings,fumbles,2573079,Carson Wentz,,,,,,,,,,,1,,,,,,,,,,,,,,1,0
401772862,Minnesota Vikings,fumbles,3930270,Blake Brandel,,,,,,,,,,,0,,,,,,,,,,,,,,1,0
401772862,Minnesota Vikings,defensive,4046537,Joshua Metellus,,,,0,,0.5,,,,,,,8,3,1,0,0,,,,,,,,,
401772862,Minnesota Vikings,defensive,3056916,Eric Wilson,,,,0,,1.5,,,,,,,6,1,1,0,1,,,,,,,,,
401772862,Minnesota Vikings,defensive,4242436,Theo Jackson,,,,0,,0,,,,,,,5,2,0,0,0,,,,,,,,,
401772862,Minnesota Vikings,defensive,14945,Harrison Smith,,,,0,,0,,,,,,,4,4,1,1,0,,,,,,,,,
401772862,Minnesota Vikings,defensive,3054840,Jonathan Allen,,,,0,,0.5,,,,,,,4,3,0,0,1,,,,,,,,,
401772862,Minnesota Vikings,defensive,4038999,Byron Murphy Jr.,,,,0,,0,,,,,,,4,3,0,0,0,,,,,,,,,
401772862,Minnesota Vikings,defensive,3728281,Blake Cashman,,,,0,,0,,,,,,,4,2,0,0,1,,,,,,,,,
401772862,Minnesota Vikings,defensive,4360277,Jalen Redmond,,,,0,,0,,,,,,,4,2,1,0,0,,,,,,,,,
401772862,Minnesota Vikings,defensive,3916409,Jonathan Greenard,,,,0,,0,,,,,,,3,3,2,0,0,,,,,,,,,
401772862,Minnesota Vikings,defensive,4241984,Jeff Okudah,,,,0,,0,,,,,,,3,2,0,0,0,,,,,,,,,
401772862,Minnesota Vikings,defensive,4565190,Dallas Turner,,,,0,,0.5,,,,,,,3,2,1,0,1,,,,,,,,,
401772862,Minnesota Vikings,defensive,4012556,C.J. Ham,,,,0,,0,,,,,,,2,1,0,0,0,,,,,,,,,
401772862,Minnesota Vikings,defensive,4044540,Isaiah Rodgers,,,,0,,0,,,,,,,2,1,0,0,0,,,,,,,,,
401772862,Minnesota Vikings,defensive,4565185,Tai Felton,,,,0,,0,,,,,,,2,1,0,0,0,,,,,,,,,
401772862,Minnesota Vikings,defensive,4696782,Elijah Williams,,,,0,,0,,,,,,,2,1,0,0,0,,,,,,,,,
401772862,Minnesota Vikings,defensive,5093973,Levi Drake Rodriguez,,,,0,,0,,,,,,,2,1,1,0,0,,,,,,,,,
401772862,Minnesota Vikings,defensive,4334405,Tavierre Thomas,,,,0,,0,,,,,,,1,1,0,0,0,,,,,,,,,
401772862,Minnesota Vikings,defensive,4429185,Austin Keys,,,,0,,0,,,,,,,1,1,0,0,0,,,,,,,,,
401772862,Minnesota Vikings,defensive,4429205,Jordan Addison,,,,0,,0,,,,,,,1,1,0,0,0,,,,,,,,,
401772862,Minnesota Vikings,defensive,4608794,Tyler Batty,,,,0,,0,,,,,,,1,1,0,0,0,,,,,,,,,
401772862,Minnesota Vikings,defensive,2983055,Javon Hargrave,,,,0,,0,,,,,,,1,0,0,0,0,,,,,,,,,
401772862,Minnesota Vikings,kickReturns,4430656,Myles Price,,57,28.5,0,,,,,,38,,,,,,,,2,,,,,,,,
401772862,Minnesota Vikings,kickReturns,4565185,Tai Felton,,17,17.0,0,,,,,,17,,,,,,,,1,,,,,,,,
401772862,Minnesota Vikings,puntReturns,4430656,Myles Price,,6,6.0,0,,,,,,6,,,,,,,,1,,,,,,,,
401772862,Minnesota Vikings,kicking,4567104,Will Reichard,,,,,,,,,,59,,,,,,,,,5/5,100.0,1/1,16,,,,
401772862,Minnesota Vikings,punting,4361823,Ryan Wright,,34,34.0,,,,,,,34,,,,,,,,1,,,,,0,1,,
401772860,Carolina Panthers,passing,4685720,Bryce Young,15/25,138,5.5,1,0,1-12,62.9,88.4,,,,,,,,,,,,,,,,,,
401772860,Carolina Panthers,passing,14012,Andy Dalton,4/7,60,8.6,0,0,1-9,30.5,85.4,,,,,,,,,,,,,,,,,,
401772860,Carolina Panthers,rushing,4038815,Rico Dowdle,,79,4.6,0,,,,,17,13,,,,,,,,,,,,,,,,
401772860,Carolina Panthers,rushing,4241416,Chuba Hubbard,,31,2.2,0,,,,,14,11,,,,,,,,,,,,,,,,
401772860,Carolina Panthers,rushing,4685720,Bryce Young,,10,5.0,0,,,,,2,6,,,,,,,,,,,,,,,,
401772860,Carolina Panthers,rushing,4708486,Jimmy Horn Jr.,,7,7.0,0,,,,,1,7,,,,,,,,,,,,,,,,
401772860,Carolina Panthers,rushing,14012,Andy Dalton,,-2,-1.0,0,,,,,2,-1,,,,,,,,,,,,,,,,
401772860,Carolina Panthers,receiving,4430034,Xavier Legette,,92,10.2,1,,,,,,33,9,11,,,,,,,,,,,,,,
401772860,Carolina Panthers,receiving,4685472,Tetairoa McMillan,,33,11.0,0,,,,,,11,3,5,,,,,,,,,,,,,,
401772860,Carolina Panthers,receiving,4241416,Chuba Hubbard,,24,12.0,0,,,,,,26,2,3,,,,,,,,,,,,,,
401772860,Carolina Panthers,receiving,4683243,Mitchell Evans,,24,12.0,0,,,,,,13,2,3,,,,,,,,,,,,,,
401772860,Carolina Panthers,receiving,4038815,Rico Dowdle,,17,17.0,0,,,,,,17,1,2,,,,,,,,,,,,,,
401772860,Carolina Panthers,receiving,4708486,Jimmy Horn Jr.,,8,8.0,0,,,,,,8,1,2,,,,,,,,,,,,,,
401772860,Carolina Panthers,receiving,4372780,Tommy Tremble,,0,0.0,0,,,,,,0,1,1,,,,,,,,,,,,,,
401772860,Carolina Panthers,receiving,4431588,Ja'Tavion Sanders,,0,0.0,0,,,,,,0,0,2,,,,,,,,,,,,,,
401772860,Carolina Panthers,receiving,4695883,Jalen Coker,,0,0.0,0,,,,,,0,0,2,,,,,,,,,,,,,,
401772860,Carolina Panthers,fumbles,4685720,Bryce Young,,,,,,,,,,,1,,,,,,,,,,,,,,1,0
401772860,Carolina Panthers,defensive,4035495,Derrick Brown,,,,0,,2,,,,,,,7,4,0,3,3,,,,,,,,,
401772860,Carolina Panthers,defensive,3116179,Nick Scott,,,,0,,0,,,,,,,7,2,0,0,0,,,,,,,,,
401772860,Carolina Panthers,defensive,3909013,Christian Rozeboom,,,,0,,0,,,,,,,7,2,0,0,0,,,,,,,,,
401772860,Carolina Panthers,defensive,4362487,Tre'von Moehrig,,,,0,,1,,,,,,,6,3,1,0,1,,,,,,,,,
401772860,Carolina Panthers,defensive,3054857,A'Shawn Robinson,,,,0,,1,,,,,,,4,3,1,0,1,,,,,,,,,
401772860,Carolina Panthers,defensive,3917853,Mike Jackson,,,,0,,0,,,,,,,4,3,0,3,0,,,,,,,,,
401772860,Carolina Panthers,defensive,4683815,Trevin Wallace,,,,0,,0,,,,,,,4,2,0,1,1,,,,,,,,,
401772860,Carolina Panthers,defensive,4697636,Chau Smith-Wade,,,,0,,0,,,,,,,3,3,0,0,0,,,,,,,,,
401772860,Carolina Panthers,defensive,4038849,D.J. Wonnum,,,,0,,0,,,,,,,2,2,0,0,0,,,,,,,,,
401772860,Carolina Panthers,defensive,4372518,Bobby Brown III,,,,0,,0,,,,,,,2,2,0,0,0,,,,,,,,,
401772860,Carolina Panthers,defensive,4833355,Nic Scourton,,,,0,,1.5,,,,,,,2,1,1,0,3,,,,,,,,,
401772860,Carolina Panthers,defensive,4360763,Brycen Tremayne,,,,0,,0,,,,,,,2,1,0,0,0,,,,,,,,,
401772860,Carolina Panthers,defensive,4880613,Bam Martin-Scott,,,,0,,0,,,,,,,2,0,0,0,0,,,,,,,,,
401772860,Carolina Panthers,defensive,4256224,Claudin Cherelus,,,,0,,0,,,,,,,1,1,0,0,0,,,,,,,,,
401772860,Carolina Panthers,defensive,4429110,Lathan Ransom,,,,0,,0,,,,,,,1,1,0,0,0,,,,,,,,,
401772860,Carolina Panthers,defensive,4431588,Ja'Tavion Sanders,,,,0,,0,,,,,,,1,1,0,0,0,,,,,,,,,
401772860,Carolina Panthers,defensive,4714157,Thomas Incoom,,,,0,,0,,,,,,,1,1,0,0,0,,,,,,,,,
401772860,Carolina Panthers,defensive,4058925,Tershawn Wharton,,,,0,,0,,,,,,,1,0,0,0,0,,,,,,,,,
401772860,Carolina Panthers,defensive,4362847,Jaycee Horn,,,,0,,0,,,,,,,1,0,0,2,0,,,,,,,,,
401772860,Carolina Panthers,defensive,4428125,Maema Njongmeta,,,,0,,0,,,,,,,1,0,0,0,0,,,,,,,,,
401772860,Carolina Panthers,defensive,4429166,Princely Umanmielen,,,,0,,0.5,,,,,,,1,0,0,0,2,,,,,,,,,
401772860,Carolina Panthers,interceptions,4362847,Jaycee Horn,,0,,0,2,,,,,,,,,,,,,,,,,,,,,
401772860,Carolina Panthers,kickReturns,4685350,Trevor Etienne,,45,45.0,0,,,,,,45,,,,,,,,1,,,,,,,,
401772860,Carolina Panthers,puntReturns,4685350,Trevor Etienne,,35,11.7,0,,,,,,15,,,,,,,,3,,,,,,,,
401772860,Carolina Panthers,kicking,4568263,Ryan Fitzgerald,,,,,,,,,,30,,,,,,,,,2/2,100.0,1/1,7,,,,
401772860,Carolina Panthers,punting,15928,Sam Martin,,276,46.0,,,,,,,68,,,,,,,,6,,,,,0,4,,
401772860,New York Jets,passing,14163,Tyrod Taylor,10/22,126,5.7,0,2,3-12,13.4,25.9,,,,,,,,,,,,,,,,,,
401772860,New York Jets,passing,4362887,Justin Fields,6/12,46,3.8,0,0,3-21,11.9,59.7,,,,,,,,,,,,,,,,,,
401772860,New York Jets,rushing,4427366,Breece Hall,,38,3.5,0,,,,,11,8,,,,,,,,,,,,,,,,
401772860,New York Jets,rushing,4362887,Justin Fields,,22,5.5,0,,,,,4,7,,,,,,,,,,,,,,,,
401772860,New York Jets,rushing,14163,Tyrod Taylor,,11,3.7,0,,,,,3,5,,,,,,,,,,,,,,,,
401772860,New York Jets,rushing,4695404,Isaiah Davis,,10,5.0,0,,,,,2,5,,,,,,,,,,,,,,,,
401772860,New York Jets,receiving,2310331,Tyler Johnson,,60,20.0,0,,,,,,35,3,3,,,,,,,,,,,,,,
401772860,New York Jets,receiving,4808766,Mason Taylor,,31,10.3,0,,,,,,13,3,5,,,,,,,,,,,,,,
401772860,New York Jets,receiving,3115306,Josh Reynolds,,29,9.7,0,,,,,,12,3,9,,,,,,,,,,,,,,
401772860,New York Jets,receiving,4695404,Isaiah Davis,,22,11.0,0,,,,,,12,2,4,,,,,,,,,,,,,,
401772860,New York Jets,receiving,3128390,Allen Lazard,,16,8.0,0,,,,,,9,2,3,,,,,,,,,,,,,,
401772860,New York Jets,receiving,4427366,Breece Hall,,14,7.0,0,,,,,,8,2,3,,,,,,,,,,,,,,
401772860,New York Jets,receiving,4361372,Jeremy Ruckert,,0,0.0,0,,,,,,0,0,1,,,,,,,,,,,,,,
401772860,New York Jets,receiving,4429105,Arian Smith,,0,0.0,0,,,,,,0,1,3,,,,,,,,,,,,,,
401772860,New York Jets,defensive,4361331,Jamien Sherwood,,,,0,,1,,,,,,,10,7,2,1,2,,,,,,,,,
401772860,New York Jets,defensive,4040982,Quinnen Williams,,,,0,,0,,,,,,,8,4,1,0,0,,,,,,,,,
401772860,New York Jets,defensive,4361939,Andre Cisco,,,,0,,0,,,,,,,6,5,0,0,0,,,,,,,,,
401772860,New York Jets,defensive,4426817,Jarvis Brownlee Jr.,,,,0,,0,,,,,,,6,4,0,0,0,,,,,,,,,
401772860,New York Jets,defensive,4700136,Kiko Mauigoa,,,,0,,0,,,,,,,6,2,0,0,0,,,,,,,,,
401772860,New York Jets,defensive,4035824,Brandon Stephens,,,,0,,0,,,,,,,5,5,0,2,0,,,,,,,,,
401772860,New York Jets,defensive,4426676,Jowon Briggs,,,,0,,1,,,,,,,4,3,2,0,2,,,,,,,,,
401772860,New York Jets,defensive,4692024,Malachi Moore,,,,0,,0,,,,,,,4,3,1,1,0,,,,,,,,,
401772860,New York Jets,defensive,4427250,Sauce Gardner,,,,0,,0,,,,,,,4,2,0,1,0,,,,,,,,,
401772860,New York Jets,defensive,4567962,Jermaine Johnson,,,,0,,0,,,,,,,4,2,0,0,1,,,,,,,,,
401772860,New York Jets,defensive,3117255,Harrison Phillips,,,,0,,0,,,,,,,3,1,0,0,0,,,,,,,,,
401772860,New York Jets,defensive,4685596,Azareye'h Thomas,,,,0,,0,,,,,,,3,1,0,1,0,,,,,,,,,
401772860,New York Jets,defensive,4361767,Will McDonald IV,,,,0,,0,,,,,,,3,0,0,0,0,,,,,,,,,
401772860,New York Jets,defensive,4243009,Mykal Walker,,,,0,,0,,,,,,,2,1,0,0,0,,,,,,,,,
401772860,New York Jets,defensive,3115306,Josh Reynolds,,,,0,,0,,,,,,,1,1,0,0,0,,,,,,,,,
401772860,New York Jets,defensive,3125107,Andrew Beck,,,,0,,0,,,,,,,1,1,0,0,0,,,,,,,,,
401772860,New York Jets,defensive,3915437,Isaiah Oliver,,,,0,,0,,,,,,,1,1,0,0,0,,,,,,,,,
401772860,New York Jets,defensive,4361101,Jackson Sirmon,,,,0,,0,,,,,,,1,1,0,0,0,,,,,,,,,
401772860,New York Jets,defensive,4361372,Jeremy Ruckert,,,,0,,0,,,,,,,1,0,0,0,0,,,,,,,,,
401772860,New York Jets,defensive,4429005,Braiden McGregor,,,,0,,0,,,,,,,1,0,0,1,1,,,,,,,,,
401772860,New York Jets,defensive,4567416,Ja'Markis Weston,,,,0,,0,,,,,,,1,0,0,0,0,,,,,,,,,
401772860,New York Jets,defensive,4240896,Micheal Clemons,,,,0,,0,,,,,,,0,0,0,0,1,,,,,,,,,
401772860,New York Jets,kickReturns,4569371,Isaiah Williams,,71,23.7,0,,,,,,30,,,,,,,,3,,,,,,,,
401772860,New York Jets,kickReturns,4035537,Kene Nwangwu,,29,29.0,0,,,,,,29,,,,,,,,1,,,,,,,,
401772860,New York Jets,puntReturns,4569371,Isaiah Williams,,14,7.0,0,,,,,,14,,,,,,,,2,,,,,,,,
401772860,New York Jets,kicking,10621,Nick Folk,,,,,,,,,,47,,,,,,,,,2/2,100.0,0/0,6,,,,
401772860,New York Jets,punting,4427982,Austin McNamara,,243,48.6,,,,,,,56,,,,,,,,5,,,,,0,2,,
401772757,New York Giants,passing,4689114,Jaxson Dart,15/33,283,8.6,3,1,4-15,66.9,93.4,,,,,,,,,,,,,,,,,,
401772757,New York Giants,rushing,4696981,Cam Skattebo,,60,3.8,0,,,,,16,18,,,,,,,,,,,,,,,,
401772757,New York Giants,rushing,4360516,Tyrone Tracy Jr.,,46,5.1,1,,,,,9,31,,,,,,,,,,,,,,,,
401772757,New York Giants,rushing,4689114,Jaxson Dart,,11,2.2,1,,,,,5,9,,,,,,,,,,,,,,,,
401772757,New York Giants,rushing,4040761,Devin Singletary,,2,1.0,0,,,,,2,2,,,,,,,,,,,,,,,,
401772757,New York Giants,receiving,4569587,Wan'Dale Robinson,,95,15.8,0,,,,,,23,6,12,,,,,,,,,,,,,,
401772757,New York Giants,receiving,4361516,Daniel Bellinger,,88,29.3,1,,,,,,44,3,4,,,,,,,,,,,,,,
401772757,New York Giants,receiving,4429148,Theo Johnson,,66,22.0,1,,,,,,41,3,7,,,,,,,,,,,,,,
401772757,New York Giants,receiving,4696981,Cam Skattebo,,34,11.3,1,,,,,,13,3,6,,,,,,,,,,,,,,
401772757,New York Giants,receiving,4039057,Lil'Jordan Humphrey,,0,0.0,0,,,,,,0,0,2,,,,,,,,,,,,,,
401772757,New York Giants,receiving,4431210,Beaux Collins,,0,0.0,0,,,,,,0,0,1,,,,,,,,,,,,,,
401772757,New York Giants,receiving,4692590,Jalin Hyatt,,0,0.0,0,,,,,,0,0,1,,,,,,,,,,,,,,
401772757,New York Giants,defensive,4426686,Dane Belton,,,,0,,0,,,,,,,10,6,0,0,0,,,,,,,,,
401772757,New York Giants,defensive,4431321,Dru Phillips,,,,0,,0,,,,,,,9,9,1,0,0,,,,,,,,,
401772757,New York Giants,defensive,3117253,Bobby Okereke,,,,0,,0,,,,,,,6,4,0,0,0,,,,,,,,,
401772757,New York Giants,defensive,4428072,Darius Muasau,,,,0,,0,,,,,,,6,3,0,0,0,,,,,,,,,
401772757,New York Giants,defensive,4035631,Brian Burns,,,,0,,2,,,,,,,4,4,3,1,2,,,,,,,,,
401772757,New York Giants,defensive,4242547,Paulson Adebo,,,,0,,0,,,,,,,4,4,0,0,0,,,,,,,,,
401772757,New York Giants,defensive,4430261,Tyler Nubin,,,,0,,0,,,,,,,4,3,0,0,0,,,,,,,,,
401772757,New York Giants,defensive,4429607,Cor'Dale Flott,,,,0,,0,,,,,,,4,2,1,2,0,,,,,,,,,
401772757,New York Giants,defensive,4428328,Deonte Banks,,,,0,,0,,,,,,,3,2,0,0,0,,,,,,,,,
401772757,New York Giants,defensive,4725996,Abdul Carter,,,,0,,0,,,,,,,3,1,0,0,0,,,,,,,,,
401772757,New York Giants,defensive,2574891,Roy Robertson-Harris,,,,0,,0,,,,,,,3,0,0,1,2,,,,,,,,,
401772757,New York Giants,defensive,4362234,Zaire Barnes,,,,0,,0,,,,,,,2,1,0,0,0,,,,,,,,,
401772757,New York Giants,defensive,4240464,Victor Dimukeje,,,,0,,0,,,,,,,2,0,0,1,0,,,,,,,,,
401772757,New York Giants,defensive,3059880,Neville Hewitt,,,,0,,0,,,,,,,1,1,0,0,0,,,,,,,,,
401772757,New York Giants,defensive,3115303,Jermaine Eluemunor,,,,0,,0,,,,,,,1,1,0,0,0,,,,,,,,,
401772757,New York Giants,defensive,4429291,Beau Brade,,,,0,,0,,,,,,,1,1,0,0,0,,,,,,,,,
401772757,New York Giants,defensive,4590292,Thomas Fidone II,,,,0,,0,,,,,,,1,1,0,0,0,,,,,,,,,
401772757,New York Giants,defensive,4035483,Dexter Lawrence II,,,,0,,0,,,,,,,1,0,0,1,1,,,,,,,,,
401772757,New York Giants,defensive,4426326,Kayvon Thibodeaux,,,,0,,0,,,,,,,1,0,0,0,0,,,,,,,,,
401772757,New York Giants,defensive,4426542,Darius Alexander,,,,0,,0,,,,,,,1,0,0,1,0,,,,,,,,,
401772757,New York Giants,defensive,4431210,Beaux Collins,,,,0,,0,,,,,,,1,0,0,0,0,,,,,,,,,
401772757,New York Giants,defensive,4689674,Art Green,,,,0,,0,,,,,,,1,0,0,0,0,,,,,,,,,
401772757,New York Giants,defensive,2575453,Rakeem Nunez-Roches,,,,0,,0,,,,,,,0,0,0,1,0,,,,,,,,,
401772757,New York Giants,kickReturns,4424106,Gunner Olszewski,,85,28.3,0,,,,,,30,,,,,,,,3,,,,,,,,
401772757,New York Giants,puntReturns,4424106,Gunner Olszewski,,28,9.3,0,,,,,,13,,,,,,,,3,,,,,,,,
401772757,New York Giants,kicking,5092436,Jude McAtamney,,,,,,,,,,0,,,,,,,,,0/0,0.0,2/4,2,,,,
401772757,New York Giants,punting,3936185,Jamie Gillan,,263,43.8,,,,,,,57,,,,,,,,6,,,,,1,2,,
401772757,Denver Broncos,passing,4426338,Bo Nix,27/50,279,5.6,2,0,2-14,81.8,83.7,,,,,,,,,,,,,,,,,,
401772757,Denver Broncos,rushing,4241985,J.K. Dobbins,,81,5.8,0,,,,,14,32,,,,,,,,,,,,,,,,
401772757,Denver Broncos,rushing,4426338,Bo Nix,,48,9.6,2,,,,,5,21,,,,,,,,,,,,,,,,
401772757,Denver Broncos,rushing,4686472,Marvin Mims Jr.,,13,13.0,0,,,,,1,13,,,,,,,,,,,,,,,,
401772757,Denver Broncos,rushing,4568490,RJ Harvey,,0,0.0,0,,,,,4,4,,,,,,,,,,,,,,,,
401772757,Denver Broncos,receiving,3128429,Courtland Sutton,,87,14.5,0,,,,,,32,6,10,,,,,,,,,,,,,,
401772757,Denver Broncos,receiving,4686472,Marvin Mims Jr.,,85,14.2,0,,,,,,31,6,7,,,,,,,,,,,,,,
401772757,Denver Broncos,receiving,3051876,Evan Engram,,42,8.4,0,,,,,,20,5,8,,,,,,,,,,,,,,
401772757,Denver Broncos,receiving,4383440,Nate Adkins,,20,10.0,0,,,,,,15,2,3,,,,,,,,,,,,,,
401772757,Denver Broncos,receiving,4431280,Troy Franklin,,19,6.3,1,,,,,,12,3,10,,,,,,,,,,,,,,
401772757,Denver Broncos,receiving,4362748,Tyler Badie,,19,9.5,0,,,,,,12,2,2,,,,,,,,,,,,,,
401772757,Denver Broncos,receiving,4600981,Pat Bryant,,6,6.0,0,,,,,,6,1,4,,,,,,,,,,,,,,
401772757,Denver Broncos,receiving,4568490,RJ Harvey,,2,2.0,1,,,,,,2,1,2,,,,,,,,,,,,,,
401772757,Denver Broncos,receiving,3929914,Adam Prentice,,0,0.0,0,,,,,,0,0,1,,,,,,,,,,,,,,
401772757,Denver Broncos,receiving,4035662,Garett Bolles,,0,0.0,0,,,,,,0,0,1,,,,,,,,,,,,,,
401772757,Denver Broncos,receiving,4241985,J.K. Dobbins,,-1,-1.0,0,,,,,,-1,1,1,,,,,,,,,,,,,,
401772757,Denver Broncos,fumbles,4426338,Bo Nix,,,,,,,,,,,1,,,,,,,,,,,,,,1,0
401772757,Denver Broncos,defensive,2612151,Alex Singleton,,,,0,,0,,,,,,,8,3,0,0,0,,,,,,,,,
401772757,Denver Broncos,defensive,4039059,Brandon Jones,,,,0,,0,,,,,,,6,3,0,1,0,,,,,,,,,
401772757,Denver Broncos,defensive,3916903,Dre Greenlaw,,,,0,,0,,,,,,,6,1,0,0,1,,,,,,,,,
401772757,Denver Broncos,defensive,4360853,Talanoa Hufanga,,,,0,,0,,,,,,,5,4,0,2,0,,,,,,,,,
401772757,Denver Broncos,defensive,3919548,Justin Strnad,,,,0,,0,,,,,,,5,2,0,1,1,,,,,,,,,
401772757,Denver Broncos,defensive,4039064,Malcolm Roach,,,,0,,0.5,,,,,,,5,2,0,0,1,,,,,,,,,
401772757,Denver Broncos,defensive,4567462,Ja'Quan McMillian,,,,0,,0,,,,,,,4,3,0,1,0,,,,,,,,,
401772757,Denver Broncos,defensive,3894915,D.J. Jones,,,,0,,0,,,,,,,4,2,0,0,0,,,,,,,,,
401772757,Denver Broncos,defensive,3915282,Zach Allen,,,,0,,0.5,,,,,,,4,1,0,2,2,,,,,,,,,
401772757,Denver Broncos,defensive,3120464,John Franklin-Myers,,,,0,,0,,,,,,,3,2,1,0,0,,,,,,,,,
401772757,Denver Broncos,defensive,4037559,Devon Key,,,,0,,0,,,,,,,3,2,0,0,0,,,,,,,,,
401772757,Denver Broncos,defensive,4040608,Jonathon Cooper,,,,0,,1.5,,,,,,,3,1,1,0,2,,,,,,,,,
401772757,Denver Broncos,defensive,5216101,Dondrea Tillman,,,,0,,1,,,,,,,3,1,1,0,1,,,,,,,,,
401772757,Denver Broncos,defensive,4692048,Que Robinson,,,,0,,0.5,,,,,,,3,1,1,0,1,,,,,,,,,
401772757,Denver Broncos,defensive,4066109,Eyioma Uwazurike,,,,0,,0,,,,,,,2,1,0,0,0,,,,,,,,,
401772757,Denver Broncos,defensive,4360259,Nik Bonitto,,,,0,,0,,,,,,,2,1,0,0,1,,,,,,,,,
401772757,Denver Broncos,defensive,4362748,Tyler Badie,,,,0,,0,,,,,,,1,1,0,0,0,,,,,,,,,
401772757,Denver Broncos,defensive,4382401,Riley Moss,,,,0,,0,,,,,,,1,1,0,0,0,,,,,,,,,
401772757,Denver Broncos,defensive,4428503,JL Skinner,,,,0,,0,,,,,,,1,1,0,0,0,,,,,,,,,
401772757,Denver Broncos,defensive,3929914,Adam Prentice,,,,0,,0,,,,,,,1,0,0,0,0,,,,,,,,,
401772757,Denver Broncos,defensive,4372012,Pat Surtain II,,,,0,,0,,,,,,,0,0,0,1,0,,,,,,,,,
401772757,Denver Broncos,interceptions,3919548,Justin Strnad,,21,,0,1,,,,,,,,,,,,,,,,,,,,,
401772757,Denver Broncos,kickReturns,4362748,Tyler Badie,,96,24.0,0,,,,,,28,,,,,,,,4,,,,,,,,
401772757,Denver Broncos,kickReturns,4568490,RJ Harvey,,0,0.0,0,,,,,,0,,,,,,,,1,,,,,,,,
401772757,Denver Broncos,puntReturns,4686472,Marvin Mims Jr.,,29,14.5,0,,,,,,17,,,,,,,,2,,,,,,,,
401772757,Denver Broncos,kicking,2985659,Wil Lutz,,,,,,,,,,39,,,,,,,,,1/1,100.0,2/2,5,,,,
401772757,Denver Broncos,punting,4589212,Jeremy Crawshaw,,303,50.5,,,,,,,61,,,,,,,,6,,,,,0,2,,
401772756,Indianapolis Colts,passing,3917792,Daniel Jones,23/34,288,8.5,2,0,1-7,88.6,113.4,,,,,,,,,,,,,,,,,,
401772756,Indianapolis Colts,rushing,4242335,Jonathan Taylor,,94,5.9,3,,,,,16,23,,,,,,,,,,,,,,,,
401772756,Indianapolis Colts,rushing,2576336,Ameer Abdullah,,19,9.5,0,,,,,2,14,,,,,,,,,,,,,,,,
401772756,Indianapolis Colts,rushing,3917792,Daniel Jones,,7,1.4,0,,,,,5,7,,,,,,,,,,,,,,,,
401772756,Indianapolis Colts,receiving,4360078,Alec Pierce,,98,19.6,0,,,,,,48,5,10,,,,,,,,,,,,,,
401772756,Indianapolis Colts,receiving,4431459,Tyler Warren,,69,17.3,1,,,,,,29,4,5,,,,,,,,,,,,,,
401772756,Indianapolis Colts,receiving,4035687,Michael Pittman Jr.,,58,8.3,1,,,,,,16,7,9,,,,,,,,,,,,,,
401772756,Indianapolis Colts,receiving,4242335,Jonathan Taylor,,38,12.7,0,,,,,,19,3,3,,,,,,,,,,,,,,
401772756,Indianapolis Colts,receiving,2576336,Ameer Abdullah,,8,8.0,0,,,,,,8,1,1,,,,,,,,,,,,,,
401772756,Indianapolis Colts,receiving,4597500,Adonai Mitchell,,8,8.0,0,,,,,,8,1,1,,,,,,,,,,,,,,
401772756,Indianapolis Colts,receiving,2998565,Mo Alie-Cox,,6,6.0,0,,,,,,6,1,2,,,,,,,,,,,,,,
401772756,Indianapolis Colts,receiving,4429684,Anthony Gould,,3,3.0,0,,,,,,3,1,1,,,,,,,,,,,,,,
401772756,Indianapolis Colts,fumbles,4430957,Tanor Bortolini,,,,,,,,,,,0,,,,,,,,,,,,,,1,0
401772756,Indianapolis Colts,fumbles,3917792,Daniel Jones,,,,,,,,,,,1,,,,,,,,,,,,,,0,0
401772756,Indianapolis Colts,defensive,4218312,Kenny Moore II,,,,0,,0,,,,,,,8,4,0,1,0,,,,,,,,,
401772756,Indianapolis Colts,defensive,4035861,Cam Bynum,,,,0,,0,,,,,,,8,3,0,0,0,,,,,,,,,
401772756,Indianapolis Colts,defensive,4426403,Nick Cross,,,,0,,0,,,,,,,6,6,0,1,0,,,,,,,,,
401772756,Indianapolis Colts,defensive,4360677,Mekhi Blackmon,,,,0,,0,,,,,,,6,5,0,1,0,,,,,,,,,
401772756,Indianapolis Colts,defensive,4695991,Johnathan Edwards,,,,0,,0,,,,,,,6,3,0,0,0,,,,,,,,,
401772756,Indianapolis Colts,defensive,2971282,DeForest Buckner,,,,0,,2,,,,,,,5,4,2,0,4,,,,,,,,,
401772756,Indianapolis Colts,defensive,3124005,Zaire Franklin,,,,0,,0,,,,,,,5,2,0,1,2,,,,,,,,,
401772756,Indianapolis Colts,defensive,3116724,Germaine Pratt,,,,0,,0,,,,,,,4,2,0,0,0,,,,,,,,,
401772756,Indianapolis Colts,defensive,3892883,Neville Gallimore,,,,0,,0,,,,,,,4,1,1,1,0,,,,,,,,,
401772756,Indianapolis Colts,defensive,3128630,Chris Lammons,,,,0,,0,,,,,,,3,3,0,0,0,,,,,,,,,
401772756,Indianapolis Colts,defensive,3051889,Laquon Treadwell,,,,0,,0,,,,,,,3,2,0,0,0,,,,,,,,,
401772756,Indianapolis Colts,defensive,4374171,Austin Ajiake,,,,0,,0,,,,,,,3,2,0,0,0,,,,,,,,,
401772756,Indianapolis Colts,defensive,4426473,Laiatu Latu,,,,0,,1,,,,,,,3,1,1,0,4,,,,,,,,,
401772756,Indianapolis Colts,defensive,4248455,Rodney Thomas II,,,,0,,0,,,,,,,2,1,0,0,0,,,,,,,,,
401772756,Indianapolis Colts,defensive,4427635,Adetomiwa Adebawore,,,,0,,0,,,,,,,2,1,0,0,0,,,,,,,,,
401772756,Indianapolis Colts,defensive,4240900,Buddy Johnson,,,,0,,0,,,,,,,1,1,0,0,0,,,,,,,,,
401772756,Indianapolis Colts,defensive,4569607,Cameron Mitchell,,,,0,,0,,,,,,,1,1,0,0,0,,,,,,,,,
401772756,Indianapolis Colts,defensive,4722908,Drew Ogletree,,,,0,,0,,,,,,,1,1,0,0,0,,,,,,,,,
401772756,Indianapolis Colts,defensive,3040513,Tyquan Lewis,,,,0,,0,,,,,,,1,0,0,0,0,,,,,,,,,
401772756,Indianapolis Colts,defensive,4058825,Grover Stewart,,,,0,,0,,,,,,,1,0,0,1,0,,,,,,,,,
401772756,Indianapolis Colts,defensive,3045527,Samson Ebukam,,,,0,,0,,,,,,,0,0,0,0,1,,,,,,,,,
401772756,Indianapolis Colts,defensive,4258194,Kwity Paye,,,,0,,0,,,,,,,0,0,0,0,2,,,,,,,,,
401772756,Indianapolis Colts,defensive,4566154,JT Tuimoloau,,,,0,,0,,,,,,,0,0,0,0,2,,,,,,,,,
401772756,Indianapolis Colts,interceptions,4058825,Grover Stewart,,3,,0,1,,,,,,,,,,,,,,,,,,,,,
401772756,Indianapolis Colts,interceptions,4426403,Nick Cross,,0,,0,1,,,,,,,,,,,,,,,,,,,,,
401772756,Indianapolis Colts,kickReturns,2576336,Ameer Abdullah,,109,54.5,0,,,,,,81,,,,,,,,2,,,,,,,,
401772756,Indianapolis Colts,kickReturns,4429684,Anthony Gould,,84,28.0,0,,,,,,33,,,,,,,,3,,,,,,,,
401772756,Indianapolis Colts,kicking,3123052,Michael Badgley,,,,,,,,,,36,,,,,,,,,1/1,100.0,3/4,6,,,,
401772756,Indianapolis Colts,punting,3914922,Rigoberto Sanchez,,87,43.5,,,,,,,44,,,,,,,,2,,,,,0,1,,
401772756,Los Angeles Chargers,passing,4038941,Justin Herbert,37/55,420,7.6,3,2,3-29,60.3,93.0,,,,,,,,,,,,,,,,,,
401772756,Los Angeles Chargers,rushing,4038941,Justin Herbert,,31,5.2,0,,,,,6,11,,,,,,,,,,,,,,,,
401772756,Los Angeles Chargers,rushing,4430968,Kimani Vidal,,20,2.2,0,,,,,9,5,,,,,,,,,,,,,,,,
401772756,Los Angeles Chargers,rushing,4372071,Hassan Haskins,,3,3.0,0,,,,,1,3,,,,,,,,,,,,,,,,
401772756,Los Angeles Chargers,receiving,4595342,Oronde Gadsden II,,164,23.4,1,,,,,,53,7,9,,,,,,,,,,,,,,
401772756,Los Angeles Chargers,receiving,15818,Keenan Allen,,119,10.8,1,,,,,,30,11,14,,,,,,,,,,,,,,
401772756,Los Angeles Chargers,receiving,4612826,Ladd McConkey,,67,7.4,0,,,,,,15,9,15,,,,,,,,,,,,,,
401772756,Los Angeles Chargers,receiving,4429025,Quentin Johnston,,30,15.0,1,,,,,,23,2,6,,,,,,,,,,,,,,
401772756,Los Angeles Chargers,receiving,4686612,Tre' Harris,,23,11.5,0,,,,,,14,2,2,,,,,,,,,,,,,,
401772756,Los Angeles Chargers,receiving,4430968,Kimani Vidal,,15,3.8,0,,,,,,8,4,5,,,,,,,,,,,,,,
401772756,Los Angeles Chargers,receiving,4372071,Hassan Haskins,,2,1.0,0,,,,,,2,2,2,,,,,,,,,,,,,,
401772756,Los Angeles Chargers,receiving,3127292,Will Dissly,,0,0.0,0,,,,,,0,0,1,,,,,,,,,,,,,,
401772756,Los Angeles Chargers,defensive,3691739,Derwin James Jr.,,,,0,,0,,,,,,,7,3,0,0,2,,,,,,,,,
401772756,Los Angeles Chargers,defensive,16195,Tony Jefferson,,,,0,,0,,,,,,,6,5,0,0,0,,,,,,,,,
401772756,Los Angeles Chargers,defensive,4429018,RJ Mickens,,,,0,,0,,,,,,,5,4,0,0,0,,,,,,,,,
401772756,Los Angeles Chargers,defensive,5089178,Jamaree Caldwell,,,,0,,0,,,,,,,4,2,1,0,0,,,,,,,,,
401772756,Los Angeles Chargers,defensive,4427404,Cam Hart,,,,0,,0,,,,,,,3,3,0,1,0,,,,,,,,,
401772756,Los Angeles Chargers,defensive,2579621,Denzel Perryman,,,,0,,0,,,,,,,3,2,0,0,0,,,,,,,,,
401772756,Los Angeles Chargers,defensive,3843769,Donte Jackson,,,,0,,0,,,,,,,3,2,0,1,0,,,,,,,,,
401772756,Los Angeles Chargers,defensive,4258206,Benjamin St-Juste,,,,0,,0,,,,,,,3,2,0,2,0,,,,,,,,,
401772756,Los Angeles Chargers,defensive,4361422,Odafe Oweh,,,,0,,0,,,,,,,3,1,0,0,0,,,,,,,,,
401772756,Los Angeles Chargers,defensive,4374269,Teair Tart,,,,0,,0,,,,,,,3,1,1,0,0,,,,,,,,,
401772756,Los Angeles Chargers,defensive,4432571,Tarheeb Still,,,,0,,0,,,,,,,3,1,0,0,1,,,,,,,,,
401772756,Los Angeles Chargers,defensive,16710,Khalil Mack,,,,0,,1,,,,,,,2,2,1,0,1,,,,,,,,,
401772756,Los Angeles Chargers,defensive,4046716,Naquan Jones,,,,0,,0,,,,,,,2,1,0,0,0,,,,,,,,,
401772756,Los Angeles Chargers,defensive,4241597,Daiyan Henley,,,,0,,0,,,,,,,2,0,0,0,0,,,,,,,,,
401772756,Los Angeles Chargers,defensive,2576702,Bud Dupree,,,,0,,0,,,,,,,1,1,0,0,0,,,,,,,,,
401772756,Los Angeles Chargers,defensive,4240434,Ja'Sir Taylor,,,,0,,0,,,,,,,1,1,0,0,0,,,,,,,,,
401772756,Los Angeles Chargers,defensive,4431442,Tuli Tuipulotu,,,,0,,0,,,,,,,1,1,0,0,1,,,,,,,,,
401772756,Los Angeles Chargers,defensive,4038941,Justin Herbert,,,,0,,0,,,,,,,1,0,0,0,0,,,,,,,,,
401772756,Los Angeles Chargers,defensive,4240528,Del'Shawn Phillips,,,,0,,0,,,,,,,1,0,0,0,0,,,,,,,,,
401772756,Los Angeles Chargers,defensive,4242229,Austin Deculus,,,,0,,0,,,,,,,1,0,0,0,0,,,,,,,,,
401772756,Los Angeles Chargers,defensive,4360745,Kendall Williamson,,,,0,,0,,,,,,,1,0,0,0,0,,,,,,,,,
401772756,Los Angeles Chargers,defensive,4372071,Hassan Haskins,,,,0,,0,,,,,,,1,0,0,0,0,,,,,,,,,
401772756,Los Angeles Chargers,defensive,4431467,Marlowe Wax,,,,0,,0,,,,,,,1,0,0,0,0,,,,,,,,,
401772756,Los Angeles Chargers,kickReturns,3916430,Nyheim Hines,,98,24.5,0,,,,,,29,,,,,,,,4,,,,,,,,
401772756,Los Angeles Chargers,kickReturns,4362477,Derius Davis,,49,24.5,0,,,,,,30,,,,,,,,2,,,,,,,,
401772756,Los Angeles Chargers,puntReturns,4362477,Derius Davis,,-3,-3.0,0,,,,,,-3,,,,,,,,1,,,,,,,,
401772756,Los Angeles Chargers,kicking,4362081,Cameron Dicker,,,,,,,,,,43,,,,,,,,,1/1,100.0,3/3,6,,,,
401772756,Los Angeles Chargers,punting,3126368,JK Scott,,53,53.0,,,,,,,53,,,,,,,,1,,,,,1,0,,
401772864,Washington Commanders,passing,4426348,Jayden Daniels,12/22,156,7.1,1,0,2-5,44.4,92.2,,,,,,,,,,,,,,,,,,
401772864,Washington Commanders,passing,2576980,Marcus Mariota,4/10,63,6.3,0,1,2-9,7.1,22.1,,,,,,,,,,,,,,,,,,
401772864,Washington Commanders,rushing,4426348,Jayden Daniels,,35,4.4,1,,,,,8,14,,,,,,,,,,,,,,,,
401772864,Washington Commanders,rushing,2576980,Marcus Mariota,,34,17.0,0,,,,,2,25,,,,,,,,,,,,,,,,
401772864,Washington Commanders,rushing,4575131,Jacory Croskey-Merritt,,33,2.5,0,,,,,13,9,,,,,,,,,,,,,,,,
401772864,Washington Commanders,rushing,3127586,Jeremy McNichols,,22,11.0,0,,,,,2,19,,,,,,,,,,,,,,,,
401772864,Washington Commanders,rushing,4362619,Chris Rodriguez Jr.,,12,4.0,1,,,,,3,7,,,,,,,,,,,,,,,,
401772864,Washington Commanders,receiving,4602667,Jaylin Lane,,60,20.0,0,,,,,,35,3,6,,,,,,,,,,,,,,
401772864,Washington Commanders,receiving,2576581,Chris Moore,,59,29.5,0,,,,,,44,2,5,,,,,,,,,,,,,,
401772864,Washington Commanders,receiving,15835,Zach Ertz,,37,12.3,1,,,,,,27,3,7,,,,,,,,,,,,,,
401772864,Washington Commanders,receiving,2574808,Robbie Chosen,,36,9.0,0,,,,,,13,4,4,,,,,,,,,,,,,,
401772864,Washington Commanders,receiving,3127586,Jeremy McNichols,,23,11.5,0,,,,,,12,2,3,,,,,,,,,,,,,,
401772864,Washington Commanders,receiving,4048228,John Bates,,5,5.0,0,,,,,,5,1,2,,,,,,,,,,,,,,
401772864,Washington Commanders,receiving,4426948,Luke McCaffrey,,0,0.0,0,,,,,,0,0,2,,,,,,,,,,,,,,
401772864,Washington Commanders,receiving,4575131,Jacory Croskey-Merritt,,-1,-1.0,0,,,,,,-1,1,2,,,,,,,,,,,,,,
401772864,Washington Commanders,fumbles,4426348,Jayden Daniels,,,,,,,,,,,0,,,,,,,,,,,,,,1,1
401772864,Washington Commanders,defensive,14979,Bobby Wagner,,,,0,,0,,,,,,,8,3,0,0,0,,,,,,,,,
401772864,Washington Commanders,defensive,4360378,Quan Martin,,,,0,,0,,,,,,,7,3,0,0,0,,,,,,,,,
401772864,Washington Commanders,defensive,3127273,Frankie Luvu,,,,0,,0,,,,,,,6,3,2,0,0,,,,,,,,,
401772864,Washington Commanders,defensive,3925354,Daron Payne,,,,0,,0,,,,,,,5,1,1,3,1,,,,,,,,,
401772864,Washington Commanders,defensive,3121421,Marshon Lattimore,,,,0,,0,,,,,,,4,3,0,1,0,,,,,,,,,
401772864,Washington Commanders,defensive,4568617,Jordan Magee,,,,0,,0,,,,,,,4,3,0,0,0,,,,,,,,,
401772864,Washington Commanders,defensive,2976194,Sheldon Day,,,,0,,0,,,,,,,4,2,0,0,0,,,,,,,,,
401772864,Washington Commanders,defensive,3125248,Jeremy Reaves,,,,0,,0,,,,,,,4,2,0,0,0,,,,,,,,,
401772864,Washington Commanders,defensive,3138764,Jacob Martin,,,,0,,0.5,,,,,,,4,0,0,0,3,,,,,,,,,
401772864,Washington Commanders,defensive,4574689,Trey Amos,,,,0,,0,,,,,,,3,3,0,0,0,,,,,,,,,
401772864,Washington Commanders,defensive,4428414,Mike Sainristil,,,,0,,0,,,,,,,3,2,0,2,0,,,,,,,,,
401772864,Washington Commanders,defensive,14471,Nick Bellore,,,,0,,0,,,,,,,3,1,0,0,0,,,,,,,,,
401772864,Washington Commanders,defensive,3915419,Darnell Savage,,,,0,,0,,,,,,,3,1,0,1,0,,,,,,,,,
401772864,Washington Commanders,defensive,4430560,Jer'Zhan Newton,,,,0,,0,,,,,,,3,1,0,0,0,,,,,,,,,
401772864,Washington Commanders,defensive,2577446,Preston Smith,,,,0,,0,,,,,,,2,1,0,0,0,,,,,,,,,
401772864,Washington Commanders,defensive,13976,Von Miller,,,,0,,0.5,,,,,,,2,0,0,0,1,,,,,,,,,
401772864,Washington Commanders,defensive,2971027,Jonathan Jones,,,,0,,0,,,,,,,1,1,0,0,0,,,,,,,,,
401772864,Washington Commanders,defensive,4361088,Colson Yankoff,,,,0,,0,,,,,,,1,1,0,0,0,,,,,,,,,
401772864,Washington Commanders,defensive,4363097,Percy Butler,,,,0,,0,,,,,,,1,1,0,0,0,,,,,,,,,
401772864,Washington Commanders,defensive,4572460,Tyler Owens,,,,0,,0,,,,,,,1,1,0,0,0,,,,,,,,,
401772864,Washington Commanders,defensive,4259491,Javon Kinlaw,,,,0,,0,,,,,,,1,0,0,0,0,,,,,,,,,
401772864,Washington Commanders,kickReturns,4426948,Luke McCaffrey,,209,26.1,0,,,,,,41,,,,,,,,8,,,,,,,,
401772864,Washington Commanders,puntReturns,4602667,Jaylin Lane,,8,8.0,0,,,,,,8,,,,,,,,1,,,,,,,,
401772864,Washington Commanders,kicking,4249087,Matt Gay,,,,,,,,,,0,,,,,,,,,0/0,0.0,2/2,2,,,,
401772864,Washington Commanders,punting,16166,Tress Way,,286,57.2,,,,,,,60,,,,,,,,5,,,,,1,1,,
401772864,Dallas Cowboys,passing,2577417,Dak Prescott,21/30,264,8.8,3,0,1-7,87.8,130.4,,,,,,,,,,,,,,,,,,
401772864,Dallas Cowboys,rushing,4361579,Javonte Williams,,116,6.1,1,,,,,19,33,,,,,,,,,,,,,,,,
401772864,Dallas Cowboys,rushing,4685279,Jaydon Blue,,29,4.1,0,,,,,7,9,,,,,,,,,,,,,,,,
401772864,Dallas Cowboys,rushing,2577417,Dak Prescott,,7,1.4,0,,,,,5,7,,,,,,,,,,,,,,,,
401772864,Dallas Cowboys,receiving,4241389,CeeDee Lamb,,110,22.0,1,,,,,,74,5,8,,,,,,,,,,,,,,
401772864,Dallas Cowboys,receiving,4426354,George Pickens,,82,20.5,0,,,,,,44,4,6,,,,,,,,,,,,,,
401772864,Dallas Cowboys,receiving,4242355,Jake Ferguson,,29,4.1,2,,,,,,15,7,7,,,,,,,,,,,,,,
401772864,Dallas Cowboys,receiving,3676833,KaVontae Turpin,,17,17.0,0,,,,,,17,1,1,,,,,,,,,,,,,,
401772864,Dallas Cowboys,receiving,4249417,Jalen Tolbert,,16,16.0,0,,,,,,16,1,2,,,,,,,,,,,,,,
401772864,Dallas Cowboys,receiving,4685279,Jaydon Blue,,5,5.0,0,,,,,,5,1,1,,,,,,,,,,,,,,
401772864,Dallas Cowboys,receiving,4383396,Hunter Luepke,,3,3.0,0,,,,,,3,1,1,,,,,,,,,,,,,,
401772864,Dallas Cowboys,receiving,4361579,Javonte Williams,,2,2.0,0,,,,,,2,1,4,,,,,,,,,,,,,,
401772864,Dallas Cowboys,fumbles,2577417,Dak Prescott,,,,,,,,,,,1,,,,,,,,,,,,,,1,0
401772864,Dallas Cowboys,fumbles,16734,Jadeveon Clowney,,,,,,,,,,,1,,,,,,,,,,,,,,0,0
401772864,Dallas Cowboys,defensive,4241394,Kenneth Murray Jr.,,,,0,,1,,,,,,,9,6,2,0,0,,,,,,,,,
401772864,Dallas Cowboys,defensive,4685400,Shemar James,,,,0,,1,,,,,,,9,4,1,0,2,,,,,,,,,
401772864,Dallas Cowboys,defensive,4248911,DaRon Bland,,,,1,,0,,,,,,,7,5,0,1,0,,,,,,,,,
401772864,Dallas Cowboys,defensive,4241921,Markquese Bell,,,,0,,0,,,,,,,6,4,0,1,0,,,,,,,,,
401772864,Dallas Cowboys,defensive,16734,Jadeveon Clowney,,,,0,,1,,,,,,,5,1,1,2,1,,,,,,,,,
401772864,Dallas Cowboys,defensive,4426513,Trikweze Bridges,,,,0,,0,,,,,,,4,4,0,0,0,,,,,,,,,
401772864,Dallas Cowboys,defensive,4683848,Donovan Ezeiruaku,,,,0,,1,,,,,,,4,3,2,0,1,,,,,,,,,
401772864,Dallas Cowboys,defensive,4567399,Kaiir Elam,,,,0,,0,,,,,,,4,2,0,1,0,,,,,,,,,
401772864,Dallas Cowboys,defensive,4240603,Malik Davis,,,,0,,0,,,,,,,3,2,0,0,0,,,,,,,,,
401772864,Dallas Cowboys,defensive,4595352,Alijah Clark,,,,0,,0,,,,,,,2,2,0,0,0,,,,,,,,,
401772864,Dallas Cowboys,defensive,4240608,James Houston,,,,0,,0,,,,,,,2,1,0,0,1,,,,,,,,,
401772864,Dallas Cowboys,defensive,4360967,Brevyn Spann-Ford,,,,0,,0,,,,,,,2,1,0,0,0,,,,,,,,,
401772864,Dallas Cowboys,defensive,2980100,Dante Fowler Jr.,,,,0,,0,,,,,,,1,1,1,0,1,,,,,,,,,
401772864,Dallas Cowboys,defensive,3117258,Solomon Thomas,,,,0,,0,,,,,,,1,1,0,0,0,,,,,,,,,
401772864,Dallas Cowboys,defensive,3122135,Donovan Wilson,,,,0,,0,,,,,,,1,1,0,0,0,,,,,,,,,
401772864,Dallas Cowboys,defensive,4427816,Marist Liufau,,,,0,,0,,,,,,,1,1,0,0,0,,,,,,,,,
401772864,Dallas Cowboys,defensive,17474,C.J. Goodwin,,,,0,,0,,,,,,,1,0,0,0,0,,,,,,,,,
401772864,Dallas Cowboys,defensive,4035840,Osa Odighizuwa,,,,0,,0,,,,,,,1,0,0,0,0,,,,,,,,,
401772864,Dallas Cowboys,defensive,4383396,Hunter Luepke,,,,0,,0,,,,,,,1,0,0,0,0,,,,,,,,,
401772864,Dallas Cowboys,defensive,4426347,Mazi Smith,,,,0,,0,,,,,,,1,0,0,0,0,,,,,,,,,
401772864,Dallas Cowboys,defensive,4428584,Reddy Steward,,,,0,,0,,,,,,,1,0,0,0,0,,,,,,,,,
401772864,Dallas Cowboys,defensive,5083754,Ryan Flournoy,,,,0,,0,,,,,,,1,0,0,0,0,,,,,,,,,
401772864,Dallas Cowboys,interceptions,4248911,DaRon Bland,,68,,1,1,,,,,,,,,,,,,,,,,,,,,
401772864,Dallas Cowboys,kickReturns,3676833,KaVontae Turpin,,80,26.7,0,,,,,,30,,,,,,,,3,,,,,,,,
401772864,Dallas Cowboys,puntReturns,3676833,KaVontae Turpin,,4,2.0,0,,,,,,4,,,,,,,,2,,,,,,,,
401772864,Dallas Cowboys,kicking,3953687,Brandon Aubrey,,,,,,,,,,61,,,,,,,,,3/3,100.0,5/5,14,,,,
401772864,Dallas Cowboys,punting,14950,Bryan Anger,,128,42.7,,,,,,,49,,,,,,,,3,,,,,0,2,,
401772863,Green Bay Packers,passing,4036378,Jordan Love,19/29,179,6.2,1,0,1-11,71.4,93.9,,,,,,,,,,,,,,,,,,
401772863,Green Bay Packers,rushing,4047365,Josh Jacobs,,55,4.2,2,,,,,13,10,,,,,,,,,,,,,,,,
401772863,Green Bay Packers,rushing,4036378,Jordan Love,,22,5.5,0,,,,,4,12,,,,,,,,,,,,,,,,
401772863,Green Bay Packers,rushing,4887558,Emanuel Wilson,,17,2.8,0,,,,,6,8,,,,,,,,,,,,,,,,
401772863,Green Bay Packers,receiving,4361432,Romeo Doubs,,72,12.0,0,,,,,,22,6,8,,,,,,,,,,,,,,
401772863,Green Bay Packers,receiving,4572680,Tucker Kraft,,58,11.6,1,,,,,,22,5,10,,,,,,,,,,,,,,
401772863,Green Bay Packers,receiving,4701936,Matthew Golden,,37,9.3,0,,,,,,17,4,4,,,,,,,,,,,,,,
401772863,Green Bay Packers,receiving,4379401,John FitzPatrick,,6,6.0,0,,,,,,6,1,1,,,,,,,,,,,,,,
401772863,Green Bay Packers,receiving,4428850,Dontayvion Wicks,,5,5.0,0,,,,,,5,1,2,,,,,,,,,,,,,,
401772863,Green Bay Packers,receiving,4047365,Josh Jacobs,,3,3.0,0,,,,,,3,1,1,,,,,,,,,,,,,,
401772863,Green Bay Packers,receiving,3149687,Chris Brooks,,0,0.0,0,,,,,,0,0,1,,,,,,,,,,,,,,
401772863,Green Bay Packers,receiving,4887558,Emanuel Wilson,,-2,-2.0,0,,,,,,-2,1,1,,,,,,,,,,,,,,
401772863,Green Bay Packers,fumbles,4036378,Jordan Love,,,,,,,,,,,2,,,,,,,,,,,,,,2,0
401772863,Green Bay Packers,fumbles,4428863,Evan Williams,,,,,,,,,,,1,,,,,,,,,,,,,,0,0
401772863,Green Bay Packers,defensive,4379416,Quay Walker,,,,0,,1.5,,,,,,,9,5,1,0,3,,,,,,,,,
401772863,Green Bay Packers,defensive,4428863,Evan Williams,,,,0,,0,,,,,,,8,3,0,1,0,,,,,,,,,
401772863,Green Bay Packers,defensive,4688930,Javon Bullard,,,,0,,0,,,,,,,8,3,0,0,0,,,,,,,,,
401772863,Green Bay Packers,defensive,4241470,Xavier McKinney,,,,0,,0,,,,,,,8,2,0,1,0,,,,,,,,,
401772863,Green Bay Packers,defensive,4239947,Isaiah McDuffie,,,,0,,0,,,,,,,7,3,0,0,0,,,,,,,,,
401772863,Green Bay Packers,defensive,4240542,Nate Hobbs,,,,0,,0,,,,,,,6,3,0,0,0,,,,,,,,,
401772863,Green Bay Packers,defensive,4567224,Colby Wooden,,,,0,,0,,,,,,,6,3,1,0,0,,,,,,,,,
401772863,Green Bay Packers,defensive,4361423,Micah Parsons,,,,0,,3,,,,,,,5,4,4,0,5,,,,,,,,,
401772863,Green Bay Packers,defensive,4430438,Edgerrin Cooper,,,,0,,0,,,,,,,5,3,0,1,0,,,,,,,,,
401772863,Green Bay Packers,defensive,4362840,Kingsley Enagbare,,,,0,,0.5,,,,,,,5,2,1,0,1,,,,,,,,,
401772863,Green Bay Packers,defensive,4429136,Warren Brinson,,,,0,,0,,,,,,,4,1,0,0,0,,,,,,,,,
401772863,Green Bay Packers,defensive,4046523,Rashan Gary,,,,0,,1,,,,,,,2,2,1,0,2,,,,,,,,,
401772863,Green Bay Packers,defensive,4259493,Keisean Nixon,,,,0,,0,,,,,,,2,2,0,1,0,,,,,,,,,
401772863,Green Bay Packers,defensive,4036141,Nick Niemann,,,,0,,0,,,,,,,2,1,0,0,0,,,,,,,,,
401772863,Green Bay Packers,defensive,4429142,Nazir Stackhouse,,,,0,,0,,,,,,,2,0,0,0,0,,,,,,,,,
401772863,Green Bay Packers,defensive,3149687,Chris Brooks,,,,0,,0,,,,,,,1,1,0,0,0,,,,,,,,,
401772863,Green Bay Packers,defensive,4567406,Ty'Ron Hopper,,,,0,,0,,,,,,,1,1,1,0,0,,,,,,,,,
401772863,Green Bay Packers,defensive,4373423,Karl Brooks,,,,0,,0,,,,,,,1,0,0,0,1,,,,,,,,,
401772863,Green Bay Packers,defensive,4374037,Kitan Oladapo,,,,0,,0,,,,,,,1,0,0,0,0,,,,,,,,,
401772863,Green Bay Packers,kickReturns,4431487,Savion Williams,,72,24.0,0,,,,,,27,,,,,,,,3,,,,,,,,
401772863,Green Bay Packers,kickReturns,4259305,Bo Melton,,43,21.5,0,,,,,,22,,,,,,,,2,,,,,,,,
401772863,Green Bay Packers,kicking,4245661,Lucas Havrisik,,,,,,,,,,61,,,,,,,,,2/2,100.0,3/3,9,,,,
401772863,Green Bay Packers,punting,4248789,Daniel Whelan,,174,58.0,,,,,,,63,,,,,,,,3,,,,,1,0,,
401772863,Arizona Cardinals,passing,2578570,Jacoby Brissett,25/36,279,7.8,2,0,6-43,31.1,110.8,,,,,,,,,,,,,,,,,,
401772863,Arizona Cardinals,rushing,4427728,Bam Knight,,57,4.1,0,,,,,14,9,,,,,,,,,,,,,,,,
401772863,Arizona Cardinals,rushing,2578570,Jacoby Brissett,,26,4.3,0,,,,,6,11,,,,,,,,,,,,,,,,
401772863,Arizona Cardinals,rushing,4240657,Michael Carter,,11,1.6,0,,,,,7,5,,,,,,,,,,,,,,,,
401772863,Arizona Cardinals,rushing,3139602,D'Ernest Johnson,,0,0.0,0,,,,,1,0,,,,,,,,,,,,,,,,
401772863,Arizona Cardinals,receiving,4361307,Trey McBride,,74,7.4,2,,,,,,15,10,13,,,,,,,,,,,,,,
401772863,Arizona Cardinals,receiving,3059722,Zay Jones,,67,33.5,0,,,,,,43,2,2,,,,,,,,,,,,,,
401772863,Arizona Cardinals,receiving,4432708,Marvin Harrison Jr.,,58,29.0,0,,,,,,35,2,6,,,,,,,,,,,,,,
401772863,Arizona Cardinals,receiving,4360761,Michael Wilson,,40,13.3,0,,,,,,18,3,4,,,,,,,,,,,,,,
401772863,Arizona Cardinals,receiving,4240657,Michael Carter,,25,12.5,0,,,,,,14,2,2,,,,,,,,,,,,,,
401772863,Arizona Cardinals,receiving,4427728,Bam Knight,,7,2.3,0,,,,,,5,3,4,,,,,,,,,,,,,,
401772863,Arizona Cardinals,receiving,4037235,Greg Dortch,,5,2.5,0,,,,,,5,2,2,,,,,,,,,,,,,,
401772863,Arizona Cardinals,receiving,4426844,Elijah Higgins,,3,3.0,0,,,,,,3,1,1,,,,,,,,,,,,,,
401772863,Arizona Cardinals,fumbles,2578570,Jacoby Brissett,,,,,,,,,,,0,,,,,,,,,,,,,,1,1
401772863,Arizona Cardinals,defensive,3127287,Budda Baker,,,,0,,0,,,,,,,8,4,0,0,0,,,,,,,,,
401772863,Arizona Cardinals,defensive,3917142,Akeem Davis-Gaither,,,,0,,0,,,,,,,8,4,0,1,0,,,,,,,,,
401772863,Arizona Cardinals,defensive,4428633,Dadrion Taylor-Demerson,,,,0,,0,,,,,,,6,2,0,0,0,,,,,,,,,
401772863,Arizona Cardinals,defensive,4698113,Max Melton,,,,0,,0,,,,,,,4,4,1,0,0,,,,,,,,,
401772863,Arizona Cardinals,defensive,4043089,Jalen Thompson,,,,0,,0,,,,,,,4,3,1,1,0,,,,,,,,,
401772863,Arizona Cardinals,defensive,11284,Calais Campbell,,,,0,,0,,,,,,,4,2,1,1,0,,,,,,,,,
401772863,Arizona Cardinals,defensive,4040983,Mack Wilson Sr.,,,,0,,0,,,,,,,3,3,0,0,0,,,,,,,,,
401772863,Arizona Cardinals,defensive,4685408,Will Johnson,,,,0,,0,,,,,,,3,1,0,0,0,,,,,,,,,
401772863,Arizona Cardinals,defensive,3693166,Josh Sweat,,,,0,,0,,,,,,,2,1,1,0,0,,,,,,,,,
401772863,Arizona Cardinals,defensive,4569480,Darius Robinson,,,,0,,0,,,,,,,2,1,0,0,0,,,,,,,,,
401772863,Arizona Cardinals,defensive,4244606,Zaven Collins,,,,0,,1,,,,,,,1,1,1,0,1,,,,,,,,,
401772863,Arizona Cardinals,defensive,4241987,Baron Browning,,,,0,,0,,,,,,,1,1,0,0,0,,,,,,,,,
401772863,Arizona Cardinals,defensive,4360739,Simi Fehoko,,,,0,,0,,,,,,,1,1,0,0,0,,,,,,,,,
401772863,Arizona Cardinals,defensive,4361421,PJ Mustipher,,,,0,,0,,,,,,,1,1,0,0,0,,,,,,,,,
401772863,Arizona Cardinals,defensive,4426844,Elijah Higgins,,,,0,,0,,,,,,,1,1,0,0,0,,,,,,,,,
401772863,Arizona Cardinals,defensive,4426923,Kei'Trel Clark,,,,0,,0,,,,,,,1,1,0,0,0,,,,,,,,,
401772863,Arizona Cardinals,defensive,4429071,Cody Simon,,,,0,,0,,,,,,,1,1,0,0,0,,,,,,,,,
401772863,Arizona Cardinals,defensive,4567219,Owen Pappoe,,,,0,,0,,,,,,,1,1,0,0,0,,,,,,,,,
401772863,Arizona Cardinals,defensive,2979860,Dalvin Tomlinson,,,,0,,0,,,,,,,1,0,0,0,1,,,,,,,,,
401772863,Arizona Cardinals,defensive,3117922,Bilal Nichols,,,,0,,0,,,,,,,1,0,0,0,0,,,,,,,,,
401772863,Arizona Cardinals,defensive,4261606,Darren Hall,,,,0,,0,,,,,,,1,0,0,0,0,,,,,,,,,
401772863,Arizona Cardinals,kickReturns,4037235,Greg Dortch,,64,32.0,0,,,,,,39,,,,,,,,2,,,,,,,,
401772863,Arizona Cardinals,kickReturns,4428811,Xavier Weaver,,24,24.0,0,,,,,,24,,,,,,,,1,,,,,,,,
401772863,Arizona Cardinals,puntReturns,4037235,Greg Dortch,,13,13.0,0,,,,,,13,,,,,,,,1,,,,,,,,
401772863,Arizona Cardinals,kicking,4363538,Chad Ryland,,,,,,,,,,40,,,,,,,,,3/3,100.0,2/2,11,,,,
401772863,Arizona Cardinals,punting,16863,Pat O'Donnell,,42,42.0,,,,,,,42,,,,,,,,1,,,,,1,0,,
401772924,Atlanta Falcons,passing,4360423,Michael Penix Jr.,21/38,241,6.3,1,0,2-11,26.1,83.3,,,,,,,,,,,,,,,,,,
401772924,Atlanta Falcons,rushing,4430807,Bijan Robinson,,40,2.9,0,,,,,14,8,,,,,,,,,,,,,,,,
401772924,Atlanta Falcons,rushing,4373626,Tyler Allgeier,,16,4.0,0,,,,,4,7,,,,,,,,,,,,,,,,
401772924,Atlanta Falcons,rushing,4360423,Michael Penix Jr.,,6,3.0,0,,,,,2,3,,,,,,,,,,,,,,,,
401772924,Atlanta Falcons,receiving,4040655,Darnell Mooney,,68,22.7,0,,,,,,38,3,5,,,,,,,,,,,,,,
401772924,Atlanta Falcons,receiving,4360248,Kyle Pitts Sr.,,62,8.9,0,,,,,,19,7,10,,,,,,,,,,,,,,
401772924,Atlanta Falcons,receiving,4430807,Bijan Robinson,,52,8.7,1,,,,,,15,6,8,,,,,,,,,,,,,,
401772924,Atlanta Falcons,receiving,4426502,Drake London,,42,10.5,0,,,,,,19,4,10,,,,,,,,,,,,,,
401772924,Atlanta Falcons,receiving,4428796,Casey Washington,,17,17.0,0,,,,,,17,1,2,,,,,,,,,,,,,,
401772924,Atlanta Falcons,receiving,4035020,Charlie Woerner,,0,0.0,0,,,,,,0,0,1,,,,,,,,,,,,,,
401772924,Atlanta Falcons,fumbles,4360423,Michael Penix Jr.,,,,,,,,,,,0,,,,,,,,,,,,,,1,1
401772924,Atlanta Falcons,defensive,3919512,Jessie Bates III,,,,0,,0,,,,,,,10,4,0,0,0,,,,,,,,,
401772924,Atlanta Falcons,defensive,4428872,JD Bertrand,,,,0,,0,,,,,,,10,4,0,0,0,,,,,,,,,
401772924,Atlanta Falcons,defensive,3124890,Kaden Elliss,,,,0,,0,,,,,,,9,4,0,1,1,,,,,,,,,
401772924,Atlanta Falcons,defensive,4431005,Xavier Watts,,,,0,,0,,,,,,,9,3,0,0,0,,,,,,,,,
401772924,Atlanta Falcons,defensive,3895841,Mike Hughes,,,,0,,0,,,,,,,5,3,0,1,0,,,,,,,,,
401772924,Atlanta Falcons,defensive,4426412,Zach Harrison,,,,0,,1,,,,,,,4,3,2,0,1,,,,,,,,,
401772924,Atlanta Falcons,defensive,4262197,Ta'Quon Graham,,,,0,,0,,,,,,,4,3,1,0,0,,,,,,,,,
401772924,Atlanta Falcons,defensive,4257591,Arnold Ebiketie,,,,0,,0,,,,,,,4,2,0,0,0,,,,,,,,,
401772924,Atlanta Falcons,defensive,4077786,Sam Roberts,,,,0,,0,,,,,,,3,2,1,0,1,,,,,,,,,
401772924,Atlanta Falcons,defensive,4430271,Ruke Orhorhoro,,,,0,,0,,,,,,,3,1,0,0,0,,,,,,,,,
401772924,Atlanta Falcons,defensive,3128303,Josh Woods,,,,0,,0,,,,,,,2,2,0,0,0,,,,,,,,,
401772924,Atlanta Falcons,defensive,3043136,Leonard Floyd,,,,0,,0,,,,,,,2,1,1,0,1,,,,,,,,,
401772924,Atlanta Falcons,defensive,4239995,A.J. Terrell Jr.,,,,0,,0,,,,,,,2,1,0,0,0,,,,,,,,,
401772924,Atlanta Falcons,defensive,4427090,Brandon Dorlus,,,,0,,0,,,,,,,2,1,1,0,0,,,,,,,,,
401772924,Atlanta Falcons,defensive,3047876,KhaDarel Hodge,,,,0,,0,,,,,,,1,1,0,0,0,,,,,,,,,
401772924,Atlanta Falcons,defensive,4002046,David Onyemata,,,,0,,0,,,,,,,1,1,1,0,0,,,,,,,,,
401772924,Atlanta Falcons,defensive,4037626,Divine Deablo,,,,0,,0,,,,,,,1,1,0,0,0,,,,,,,,,
401772924,Atlanta Falcons,defensive,4401823,Dee Alford,,,,0,,0,,,,,,,1,1,0,0,0,,,,,,,,,
401772924,Atlanta Falcons,defensive,5081394,James Pearce Jr.,,,,0,,0,,,,,,,1,1,0,0,0,,,,,,,,,
401772924,Atlanta Falcons,defensive,4243457,DeAngelo Malone,,,,0,,0,,,,,,,1,0,0,0,0,,,,,,,,,
401772924,Atlanta Falcons,interceptions,3124890,Kaden Elliss,,16,,0,1,,,,,,,,,,,,,,,,,,,,,
401772924,Atlanta Falcons,kickReturns,3061612,Jamal Agnew,,90,22.5,0,,,,,,45,,,,,,,,4,,,,,,,,
401772924,Atlanta Falcons,kickReturns,4689989,Natrone Brooks,,16,16.0,0,,,,,,16,,,,,,,,1,,,,,,,,
401772924,Atlanta Falcons,puntReturns,3061612,Jamal Agnew,,18,9.0,0,,,,,,13,,,,,,,,2,,,,,,,,
401772924,Atlanta Falcons,kicking,4051167,Parker Romo,,,,,,,,,,38,,,,,,,,,1/1,100.0,1/1,4,,,,
401772924,Atlanta Falcons,punting,2977680,Bradley Pinion,,152,50.7,,,,,,,61,,,,,,,,3,,,,,1,2,,
401772924,San Francisco 49ers,passing,4241464,Mac Jones,17/26,152,5.8,0,1,1-2,62.5,64.9,,,,,,,,,,,,,,,,,,
401772924,San Francisco 49ers,rushing,3117251,Christian McCaffrey,,129,5.4,2,,,,,24,15,,,,,,,,,,,,,,,,
401772924,San Francisco 49ers,rushing,4241474,Brian Robinson Jr.,,36,4.0,0,,,,,9,10,,,,,,,,,,,,,,,,
401772924,San Francisco 49ers,rushing,4241464,Mac Jones,,11,2.2,0,,,,,5,8,,,,,,,,,,,,,,,,
401772924,San Francisco 49ers,rushing,16002,Kyle Juszczyk,,-2,-2.0,0,,,,,1,-2,,,,,,,,,,,,,,,,
401772924,San Francisco 49ers,receiving,3117251,Christian McCaffrey,,72,10.3,0,,,,,,17,7,8,,,,,,,,,,,,,,
401772924,San Francisco 49ers,receiving,3886598,Jauan Jennings,,31,7.8,0,,,,,,13,4,7,,,,,,,,,,,,,,
401772924,San Francisco 49ers,receiving,4430191,Skyy Moore,,15,15.0,0,,,,,,15,1,1,,,,,,,,,,,,,,
401772924,San Francisco 49ers,receiving,3045523,Kendrick Bourne,,14,7.0,0,,,,,,10,2,2,,,,,,,,,,,,,,
401772924,San Francisco 49ers,receiving,4040612,Luke Farrell,,11,11.0,0,,,,,,11,1,1,,,,,,,,,,,,,,
401772924,San Francisco 49ers,receiving,16002,Kyle Juszczyk,,10,10.0,0,,,,,,10,1,1,,,,,,,,,,,,,,
401772924,San Francisco 49ers,receiving,3040151,George Kittle,,0,0.0,0,,,,,,0,0,2,,,,,,,,,,,,,,
401772924,San Francisco 49ers,receiving,3043116,Demarcus Robinson,,0,0.0,0,,,,,,0,0,1,,,,,,,,,,,,,,
401772924,San Francisco 49ers,receiving,4431523,Connor Colby,,-1,-1.0,0,,,,,,-1,1,1,,,,,,,,,,,,,,
401772924,San Francisco 49ers,fumbles,4430835,Alfred Collins,,,,,,,,,,,1,,,,,,,,,,,,,,0,0
401772924,San Francisco 49ers,defensive,4426698,Tatum Bethune,,,,0,,0,,,,,,,10,4,1,0,0,,,,,,,,,
401772924,San Francisco 49ers,defensive,4696211,Malik Mustapha,,,,0,,0,,,,,,,6,3,0,0,0,,,,,,,,,
401772924,San Francisco 49ers,defensive,4693644,Ji'Ayir Brown,,,,0,,0,,,,,,,5,5,0,0,0,,,,,,,,,
401772924,San Francisco 49ers,defensive,4685978,Darrell Luter Jr.,,,,0,,0,,,,,,,5,4,0,0,0,,,,,,,,,
401772924,San Francisco 49ers,defensive,4039375,Bryce Huff,,,,0,,1,,,,,,,5,2,1,0,2,,,,,,,,,
401772924,San Francisco 49ers,defensive,3115928,Malik Turner,,,,0,,0,,,,,,,3,3,0,0,0,,,,,,,,,
401772924,San Francisco 49ers,defensive,4428914,Dee Winters,,,,0,,0,,,,,,,3,3,1,0,0,,,,,,,,,
401772924,San Francisco 49ers,defensive,4240706,Jason Pinnock,,,,0,,0,,,,,,,3,2,0,0,0,,,,,,,,,
401772924,San Francisco 49ers,defensive,4242488,Deommodore Lenoir,,,,0,,0,,,,,,,3,2,0,1,0,,,,,,,,,
401772924,San Francisco 49ers,defensive,4569497,Sam Okuayinonu,,,,0,,1,,,,,,,3,1,1,0,1,,,,,,,,,
401772924,San Francisco 49ers,defensive,4685623,Mykel Williams,,,,0,,0,,,,,,,3,0,0,0,0,,,,,,,,,
401772924,San Francisco 49ers,defensive,4427325,Renardo Green,,,,0,,0,,,,,,,2,1,0,0,0,,,,,,,,,
401772924,San Francisco 49ers,defensive,4693337,Marques Sigle,,,,0,,0,,,,,,,2,1,0,0,0,,,,,,,,,
401772924,San Francisco 49ers,defensive,3057524,Siran Neal,,,,0,,0,,,,,,,2,0,0,0,0,,,,,,,,,
401772924,San Francisco 49ers,defensive,4039052,Jordan Elliott,,,,0,,0,,,,,,,2,0,0,0,0,,,,,,,,,
401772924,San Francisco 49ers,defensive,4044448,Curtis Robinson,,,,0,,0,,,,,,,1,1,0,0,0,,,,,,,,,
401772924,San Francisco 49ers,defensive,4241464,Mac Jones,,,,0,,0,,,,,,,1,1,0,0,0,,,,,,,,,
401772924,San Francisco 49ers,defensive,4243541,Kalia Davis,,,,0,,0,,,,,,,1,1,0,0,0,,,,,,,,,
401772924,San Francisco 49ers,defensive,4372561,Isaac Guerendo,,,,0,,0,,,,,,,1,1,0,0,0,,,,,,,,,
401772924,San Francisco 49ers,defensive,4040612,Luke Farrell,,,,0,,0,,,,,,,1,0,0,0,0,,,,,,,,,
401772924,San Francisco 49ers,defensive,4573188,Nick Martin,,,,0,,0,,,,,,,1,0,0,0,0,,,,,,,,,
401772924,San Francisco 49ers,defensive,4047846,Chase Lucas,,,,0,,0,,,,,,,0,0,0,1,1,,,,,,,,,
401772924,San Francisco 49ers,defensive,4430835,Alfred Collins,,,,0,,0,,,,,,,0,0,0,0,1,,,,,,,,,
401772924,San Francisco 49ers,kickReturns,4430191,Skyy Moore,,53,26.5,0,,,,,,29,,,,,,,,2,,,,,,,,
401772924,San Francisco 49ers,puntReturns,4430191,Skyy Moore,,8,8.0,0,,,,,,8,,,,,,,,1,,,,,,,,
401772924,San Francisco 49ers,kicking,4034949,Eddy Pineiro,,,,,,,,,,55,,,,,,,,,2/2,100.0,2/2,8,,,,
401772924,San Francisco 49ers,punting,12701,Thomas Morstead,,143,47.7,,,,,,,53,,,,,,,,3,,,,,1,1,,
